,Kod stanowiska,Data,Wartość,id_stacji,data_dodania
0,DsCzerStraza-NO-1g,2026-05-30 13:00:00,0.6,49,2026-05-30 13:19:16.566265
1,DsCzerStraza-NO-1g,2026-05-30 12:00:00,0.5,49,2026-05-30 13:19:16.566265
2,DsCzerStraza-NO-1g,2026-05-30 11:00:00,1.2,49,2026-05-30 13:19:16.566265
3,DsCzerStraza-NO-1g,2026-05-30 10:00:00,1.2,49,2026-05-30 13:19:16.566265
4,DsCzerStraza-NO-1g,2026-05-30 09:00:00,0.6,49,2026-05-30 13:19:16.566265
5,DsCzerStraza-NO-1g,2026-05-30 08:00:00,0.6,49,2026-05-30 13:19:16.566265
6,DsCzerStraza-NO-1g,2026-05-30 07:00:00,0.8,49,2026-05-30 13:19:16.566265
7,DsCzerStraza-NO-1g,2026-05-30 06:00:00,0.4,49,2026-05-30 13:19:16.566265
8,DsCzerStraza-NO-1g,2026-05-30 05:00:00,0.4,49,2026-05-30 13:19:16.566265
9,DsCzerStraza-NO-1g,2026-05-30 04:00:00,0.3,49,2026-05-30 13:19:16.566265
10,DsCzerStraza-NO-1g,2026-05-30 03:00:00,0.2,49,2026-05-30 13:19:16.566265
11,DsCzerStraza-NO-1g,2026-05-30 02:00:00,0.1,49,2026-05-30 13:19:16.566265
12,DsCzerStraza-NO-1g,2026-05-30 01:00:00,0.1,49,2026-05-30 13:19:16.566265
13,DsCzerStraza-NO-1g,2026-05-30 00:00:00,0.5,49,2026-05-30 13:19:16.566265
14,DsCzerStraza-NO-1g,2026-05-29 23:00:00,0.4,49,2026-05-30 13:19:16.566265
15,DsCzerStraza-NO-1g,2026-05-29 22:00:00,0.5,49,2026-05-30 13:19:16.566265
16,DsCzerStraza-NO-1g,2026-05-29 21:00:00,0.5,49,2026-05-30 13:19:16.566265
17,DsCzerStraza-NO-1g,2026-05-29 20:00:00,0.1,49,2026-05-30 13:19:16.566265
18,DsCzerStraza-NO-1g,2026-05-29 19:00:00,0.3,49,2026-05-30 13:19:16.566265
19,DsCzerStraza-NO-1g,2026-05-29 18:00:00,0.8,49,2026-05-30 13:19:16.566265
20,DsCzerStraza-NO2-1g,2026-05-30 13:00:00,1.8,50,2026-05-30 13:19:16.601231
21,DsCzerStraza-NO2-1g,2026-05-30 12:00:00,1.9,50,2026-05-30 13:19:16.601231
22,DsCzerStraza-NO2-1g,2026-05-30 11:00:00,4.2,50,2026-05-30 13:19:16.601231
23,DsCzerStraza-NO2-1g,2026-05-30 10:00:00,4.5,50,2026-05-30 13:19:16.601231
24,DsCzerStraza-NO2-1g,2026-05-30 09:00:00,2.7,50,2026-05-30 13:19:16.601231
25,DsCzerStraza-NO2-1g,2026-05-30 08:00:00,1.9,50,2026-05-30 13:19:16.601231
26,DsCzerStraza-NO2-1g,2026-05-30 07:00:00,3.5,50,2026-05-30 13:19:16.601231
27,DsCzerStraza-NO2-1g,2026-05-30 06:00:00,3.1,50,2026-05-30 13:19:16.601231
28,DsCzerStraza-NO2-1g,2026-05-30 05:00:00,3.7,50,2026-05-30 13:19:16.601231
29,DsCzerStraza-NO2-1g,2026-05-30 04:00:00,5.0,50,2026-05-30 13:19:16.601231
30,DsCzerStraza-NO2-1g,2026-05-30 03:00:00,1.5,50,2026-05-30 13:19:16.601231
31,DsCzerStraza-NO2-1g,2026-05-30 02:00:00,1.5,50,2026-05-30 13:19:16.601231
32,DsCzerStraza-NO2-1g,2026-05-30 01:00:00,1.7,50,2026-05-30 13:19:16.601231
33,DsCzerStraza-NO2-1g,2026-05-30 00:00:00,2.2,50,2026-05-30 13:19:16.601231
34,DsCzerStraza-NO2-1g,2026-05-29 23:00:00,2.7,50,2026-05-30 13:19:16.601231
35,DsCzerStraza-NO2-1g,2026-05-29 22:00:00,2.1,50,2026-05-30 13:19:16.601231
36,DsCzerStraza-NO2-1g,2026-05-29 21:00:00,2.5,50,2026-05-30 13:19:16.601231
37,DsCzerStraza-NO2-1g,2026-05-29 20:00:00,1.8,50,2026-05-30 13:19:16.601231
38,DsCzerStraza-NO2-1g,2026-05-29 19:00:00,2.1,50,2026-05-30 13:19:16.601231
39,DsCzerStraza-NO2-1g,2026-05-29 18:00:00,2.2,50,2026-05-30 13:19:16.601231
40,DsCzerStraza-NOx-1g,2026-05-30 13:00:00,2.7,51,2026-05-30 13:19:16.639397
41,DsCzerStraza-NOx-1g,2026-05-30 12:00:00,2.7,51,2026-05-30 13:19:16.639397
42,DsCzerStraza-NOx-1g,2026-05-30 11:00:00,6.0,51,2026-05-30 13:19:16.639397
43,DsCzerStraza-NOx-1g,2026-05-30 10:00:00,6.4,51,2026-05-30 13:19:16.639397
44,DsCzerStraza-NOx-1g,2026-05-30 09:00:00,3.6,51,2026-05-30 13:19:16.639397
45,DsCzerStraza-NOx-1g,2026-05-30 08:00:00,2.8,51,2026-05-30 13:19:16.639397
46,DsCzerStraza-NOx-1g,2026-05-30 07:00:00,4.8,51,2026-05-30 13:19:16.639397
47,DsCzerStraza-NOx-1g,2026-05-30 06:00:00,3.7,51,2026-05-30 13:19:16.639397
48,DsCzerStraza-NOx-1g,2026-05-30 05:00:00,4.3,51,2026-05-30 13:19:16.639397
49,DsCzerStraza-NOx-1g,2026-05-30 04:00:00,5.5,51,2026-05-30 13:19:16.639397
50,DsCzerStraza-NOx-1g,2026-05-30 03:00:00,1.8,51,2026-05-30 13:19:16.639397
51,DsCzerStraza-NOx-1g,2026-05-30 02:00:00,1.6,51,2026-05-30 13:19:16.639397
52,DsCzerStraza-NOx-1g,2026-05-30 01:00:00,1.9,51,2026-05-30 13:19:16.639397
53,DsCzerStraza-NOx-1g,2026-05-30 00:00:00,3.0,51,2026-05-30 13:19:16.639397
54,DsCzerStraza-NOx-1g,2026-05-29 23:00:00,3.4,51,2026-05-30 13:19:16.639397
55,DsCzerStraza-NOx-1g,2026-05-29 22:00:00,3.0,51,2026-05-30 13:19:16.639397
56,DsCzerStraza-NOx-1g,2026-05-29 21:00:00,3.3,51,2026-05-30 13:19:16.639397
57,DsCzerStraza-NOx-1g,2026-05-29 20:00:00,2.0,51,2026-05-30 13:19:16.639397
58,DsCzerStraza-NOx-1g,2026-05-29 19:00:00,2.5,51,2026-05-30 13:19:16.639397
59,DsCzerStraza-NOx-1g,2026-05-29 18:00:00,3.4,51,2026-05-30 13:19:16.639397
60,DsCzerStraza-O3-1g,2026-05-30 13:00:00,105.4,52,2026-05-30 13:19:16.676753
61,DsCzerStraza-O3-1g,2026-05-30 12:00:00,101.0,52,2026-05-30 13:19:16.676753
62,DsCzerStraza-O3-1g,2026-05-30 11:00:00,92.9,52,2026-05-30 13:19:16.676753
63,DsCzerStraza-O3-1g,2026-05-30 10:00:00,87.9,52,2026-05-30 13:19:16.676753
64,DsCzerStraza-O3-1g,2026-05-30 09:00:00,93.9,52,2026-05-30 13:19:16.676753
65,DsCzerStraza-O3-1g,2026-05-30 08:00:00,95.4,52,2026-05-30 13:19:16.676753
66,DsCzerStraza-O3-1g,2026-05-30 07:00:00,79.3,52,2026-05-30 13:19:16.676753
67,DsCzerStraza-O3-1g,2026-05-30 06:00:00,101.1,52,2026-05-30 13:19:16.676753
68,DsCzerStraza-O3-1g,2026-05-30 05:00:00,108.6,52,2026-05-30 13:19:16.676753
69,DsCzerStraza-O3-1g,2026-05-30 04:00:00,112.2,52,2026-05-30 13:19:16.676753
70,DsCzerStraza-O3-1g,2026-05-30 03:00:00,120.3,52,2026-05-30 13:19:16.676753
71,DsCzerStraza-O3-1g,2026-05-30 02:00:00,118.8,52,2026-05-30 13:19:16.676753
72,DsCzerStraza-O3-1g,2026-05-30 01:00:00,117.9,52,2026-05-30 13:19:16.676753
73,DsCzerStraza-O3-1g,2026-05-30 00:00:00,116.8,52,2026-05-30 13:19:16.676753
74,DsCzerStraza-O3-1g,2026-05-29 23:00:00,114.2,52,2026-05-30 13:19:16.676753
75,DsCzerStraza-O3-1g,2026-05-29 22:00:00,113.7,52,2026-05-30 13:19:16.676753
76,DsCzerStraza-O3-1g,2026-05-29 21:00:00,112.5,52,2026-05-30 13:19:16.676753
77,DsCzerStraza-O3-1g,2026-05-29 20:00:00,111.9,52,2026-05-30 13:19:16.676753
78,DsCzerStraza-O3-1g,2026-05-29 19:00:00,114.8,52,2026-05-30 13:19:16.676753
79,DsCzerStraza-O3-1g,2026-05-29 18:00:00,113.6,52,2026-05-30 13:19:16.676753
80,DsCzerStraza-PM10-1g,2026-05-30 13:00:00,,54,2026-05-30 13:19:16.714846
81,DsCzerStraza-PM10-1g,2026-05-30 12:00:00,20.6,54,2026-05-30 13:19:16.714846
82,DsCzerStraza-PM10-1g,2026-05-30 11:00:00,20.8,54,2026-05-30 13:19:16.714846
83,DsCzerStraza-PM10-1g,2026-05-30 10:00:00,22.5,54,2026-05-30 13:19:16.714846
84,DsCzerStraza-PM10-1g,2026-05-30 09:00:00,17.0,54,2026-05-30 13:19:16.714846
85,DsCzerStraza-PM10-1g,2026-05-30 08:00:00,20.1,54,2026-05-30 13:19:16.714846
86,DsCzerStraza-PM10-1g,2026-05-30 07:00:00,11.9,54,2026-05-30 13:19:16.714846
87,DsCzerStraza-PM10-1g,2026-05-30 06:00:00,18.0,54,2026-05-30 13:19:16.714846
88,DsCzerStraza-PM10-1g,2026-05-30 05:00:00,12.1,54,2026-05-30 13:19:16.714846
89,DsCzerStraza-PM10-1g,2026-05-30 04:00:00,11.9,54,2026-05-30 13:19:16.714846
90,DsCzerStraza-PM10-1g,2026-05-30 03:00:00,13.5,54,2026-05-30 13:19:16.714846
91,DsCzerStraza-PM10-1g,2026-05-30 02:00:00,16.2,54,2026-05-30 13:19:16.714846
92,DsCzerStraza-PM10-1g,2026-05-30 01:00:00,11.4,54,2026-05-30 13:19:16.714846
93,DsCzerStraza-PM10-1g,2026-05-30 00:00:00,13.7,54,2026-05-30 13:19:16.714846
94,DsCzerStraza-PM10-1g,2026-05-29 23:00:00,11.5,54,2026-05-30 13:19:16.714846
95,DsCzerStraza-PM10-1g,2026-05-29 22:00:00,9.7,54,2026-05-30 13:19:16.714846
96,DsCzerStraza-PM10-1g,2026-05-29 21:00:00,12.2,54,2026-05-30 13:19:16.714846
97,DsCzerStraza-PM10-1g,2026-05-29 20:00:00,11.1,54,2026-05-30 13:19:16.714846
98,DsCzerStraza-PM10-1g,2026-05-29 19:00:00,14.2,54,2026-05-30 13:19:16.714846
99,DsCzerStraza-PM10-1g,2026-05-29 18:00:00,12.0,54,2026-05-30 13:19:16.714846
100,DsDziePilsud-PM10-1g,2026-05-30 13:00:00,,101,2026-05-30 13:19:16.750268
101,DsDziePilsud-PM10-1g,2026-05-30 12:00:00,17.3,101,2026-05-30 13:19:16.750268
102,DsDziePilsud-PM10-1g,2026-05-30 11:00:00,10.8,101,2026-05-30 13:19:16.750268
103,DsDziePilsud-PM10-1g,2026-05-30 10:00:00,12.8,101,2026-05-30 13:19:16.750268
104,DsDziePilsud-PM10-1g,2026-05-30 09:00:00,12.7,101,2026-05-30 13:19:16.750268
105,DsDziePilsud-PM10-1g,2026-05-30 08:00:00,12.3,101,2026-05-30 13:19:16.750268
106,DsDziePilsud-PM10-1g,2026-05-30 07:00:00,16.2,101,2026-05-30 13:19:16.750268
107,DsDziePilsud-PM10-1g,2026-05-30 06:00:00,10.5,101,2026-05-30 13:19:16.750268
108,DsDziePilsud-PM10-1g,2026-05-30 05:00:00,10.1,101,2026-05-30 13:19:16.750268
109,DsDziePilsud-PM10-1g,2026-05-30 04:00:00,19.0,101,2026-05-30 13:19:16.750268
110,DsDziePilsud-PM10-1g,2026-05-30 03:00:00,10.2,101,2026-05-30 13:19:16.750268
111,DsDziePilsud-PM10-1g,2026-05-30 02:00:00,14.4,101,2026-05-30 13:19:16.750268
112,DsDziePilsud-PM10-1g,2026-05-30 01:00:00,14.8,101,2026-05-30 13:19:16.750268
113,DsDziePilsud-PM10-1g,2026-05-30 00:00:00,20.4,101,2026-05-30 13:19:16.750268
114,DsDziePilsud-PM10-1g,2026-05-29 23:00:00,24.6,101,2026-05-30 13:19:16.750268
115,DsDziePilsud-PM10-1g,2026-05-29 22:00:00,24.3,101,2026-05-30 13:19:16.750268
116,DsDziePilsud-PM10-1g,2026-05-29 21:00:00,20.3,101,2026-05-30 13:19:16.750268
117,DsDziePilsud-PM10-1g,2026-05-29 20:00:00,13.2,101,2026-05-30 13:19:16.750268
118,DsDziePilsud-PM10-1g,2026-05-29 19:00:00,13.5,101,2026-05-30 13:19:16.750268
119,DsDziePilsud-PM10-1g,2026-05-29 18:00:00,16.1,101,2026-05-30 13:19:16.750268
120,DsKlodzSzkol-NO-1g,2026-05-30 13:00:00,0.8,220,2026-05-30 13:19:16.786151
121,DsKlodzSzkol-NO-1g,2026-05-30 12:00:00,1.3,220,2026-05-30 13:19:16.786151
122,DsKlodzSzkol-NO-1g,2026-05-30 11:00:00,1.5,220,2026-05-30 13:19:16.786151
123,DsKlodzSzkol-NO-1g,2026-05-30 10:00:00,3.2,220,2026-05-30 13:19:16.786151
124,DsKlodzSzkol-NO-1g,2026-05-30 09:00:00,1.5,220,2026-05-30 13:19:16.786151
125,DsKlodzSzkol-NO-1g,2026-05-30 08:00:00,1.7,220,2026-05-30 13:19:16.786151
126,DsKlodzSzkol-NO-1g,2026-05-30 07:00:00,1.4,220,2026-05-30 13:19:16.786151
127,DsKlodzSzkol-NO-1g,2026-05-30 06:00:00,0.9,220,2026-05-30 13:19:16.786151
128,DsKlodzSzkol-NO-1g,2026-05-30 05:00:00,1.1,220,2026-05-30 13:19:16.786151
129,DsKlodzSzkol-NO-1g,2026-05-30 04:00:00,0.8,220,2026-05-30 13:19:16.786151
130,DsKlodzSzkol-NO-1g,2026-05-30 03:00:00,0.7,220,2026-05-30 13:19:16.786151
131,DsKlodzSzkol-NO-1g,2026-05-30 02:00:00,1.0,220,2026-05-30 13:19:16.786151
132,DsKlodzSzkol-NO-1g,2026-05-30 01:00:00,1.0,220,2026-05-30 13:19:16.786151
133,DsKlodzSzkol-NO-1g,2026-05-30 00:00:00,1.0,220,2026-05-30 13:19:16.786151
134,DsKlodzSzkol-NO-1g,2026-05-29 23:00:00,1.1,220,2026-05-30 13:19:16.786151
135,DsKlodzSzkol-NO-1g,2026-05-29 22:00:00,0.9,220,2026-05-30 13:19:16.786151
136,DsKlodzSzkol-NO-1g,2026-05-29 21:00:00,0.8,220,2026-05-30 13:19:16.786151
137,DsKlodzSzkol-NO-1g,2026-05-29 20:00:00,0.7,220,2026-05-30 13:19:16.786151
138,DsKlodzSzkol-NO-1g,2026-05-29 19:00:00,0.7,220,2026-05-30 13:19:16.786151
139,DsKlodzSzkol-NO-1g,2026-05-29 18:00:00,0.8,220,2026-05-30 13:19:16.786151
140,DsKlodzSzkol-NO2-1g,2026-05-30 13:00:00,3.1,221,2026-05-30 13:19:16.823364
141,DsKlodzSzkol-NO2-1g,2026-05-30 12:00:00,4.5,221,2026-05-30 13:19:16.823364
142,DsKlodzSzkol-NO2-1g,2026-05-30 11:00:00,5.3,221,2026-05-30 13:19:16.823364
143,DsKlodzSzkol-NO2-1g,2026-05-30 10:00:00,11.0,221,2026-05-30 13:19:16.823364
144,DsKlodzSzkol-NO2-1g,2026-05-30 09:00:00,9.4,221,2026-05-30 13:19:16.823364
145,DsKlodzSzkol-NO2-1g,2026-05-30 08:00:00,12.9,221,2026-05-30 13:19:16.823364
146,DsKlodzSzkol-NO2-1g,2026-05-30 07:00:00,10.3,221,2026-05-30 13:19:16.823364
147,DsKlodzSzkol-NO2-1g,2026-05-30 06:00:00,6.0,221,2026-05-30 13:19:16.823364
148,DsKlodzSzkol-NO2-1g,2026-05-30 05:00:00,8.5,221,2026-05-30 13:19:16.823364
149,DsKlodzSzkol-NO2-1g,2026-05-30 04:00:00,7.3,221,2026-05-30 13:19:16.823364
150,DsKlodzSzkol-NO2-1g,2026-05-30 03:00:00,9.1,221,2026-05-30 13:19:16.823364
151,DsKlodzSzkol-NO2-1g,2026-05-30 02:00:00,10.2,221,2026-05-30 13:19:16.823364
152,DsKlodzSzkol-NO2-1g,2026-05-30 01:00:00,11.3,221,2026-05-30 13:19:16.823364
153,DsKlodzSzkol-NO2-1g,2026-05-30 00:00:00,13.4,221,2026-05-30 13:19:16.823364
154,DsKlodzSzkol-NO2-1g,2026-05-29 23:00:00,20.7,221,2026-05-30 13:19:16.823364
155,DsKlodzSzkol-NO2-1g,2026-05-29 22:00:00,25.7,221,2026-05-30 13:19:16.823364
156,DsKlodzSzkol-NO2-1g,2026-05-29 21:00:00,20.1,221,2026-05-30 13:19:16.823364
157,DsKlodzSzkol-NO2-1g,2026-05-29 20:00:00,7.9,221,2026-05-30 13:19:16.823364
158,DsKlodzSzkol-NO2-1g,2026-05-29 19:00:00,3.9,221,2026-05-30 13:19:16.823364
159,DsKlodzSzkol-NO2-1g,2026-05-29 18:00:00,3.5,221,2026-05-30 13:19:16.823364
160,DsKlodzSzkol-NOx-1g,2026-05-30 13:00:00,4.3,222,2026-05-30 13:19:16.854545
161,DsKlodzSzkol-NOx-1g,2026-05-30 12:00:00,6.6,222,2026-05-30 13:19:16.854545
162,DsKlodzSzkol-NOx-1g,2026-05-30 11:00:00,7.6,222,2026-05-30 13:19:16.854545
163,DsKlodzSzkol-NOx-1g,2026-05-30 10:00:00,15.9,222,2026-05-30 13:19:16.854545
164,DsKlodzSzkol-NOx-1g,2026-05-30 09:00:00,11.6,222,2026-05-30 13:19:16.854545
165,DsKlodzSzkol-NOx-1g,2026-05-30 08:00:00,15.5,222,2026-05-30 13:19:16.854545
166,DsKlodzSzkol-NOx-1g,2026-05-30 07:00:00,12.4,222,2026-05-30 13:19:16.854545
167,DsKlodzSzkol-NOx-1g,2026-05-30 06:00:00,7.4,222,2026-05-30 13:19:16.854545
168,DsKlodzSzkol-NOx-1g,2026-05-30 05:00:00,10.3,222,2026-05-30 13:19:16.854545
169,DsKlodzSzkol-NOx-1g,2026-05-30 04:00:00,8.5,222,2026-05-30 13:19:16.854545
170,DsKlodzSzkol-NOx-1g,2026-05-30 03:00:00,10.2,222,2026-05-30 13:19:16.854545
171,DsKlodzSzkol-NOx-1g,2026-05-30 02:00:00,11.7,222,2026-05-30 13:19:16.854545
172,DsKlodzSzkol-NOx-1g,2026-05-30 01:00:00,12.7,222,2026-05-30 13:19:16.854545
173,DsKlodzSzkol-NOx-1g,2026-05-30 00:00:00,14.9,222,2026-05-30 13:19:16.854545
174,DsKlodzSzkol-NOx-1g,2026-05-29 23:00:00,22.4,222,2026-05-30 13:19:16.854545
175,DsKlodzSzkol-NOx-1g,2026-05-29 22:00:00,27.1,222,2026-05-30 13:19:16.854545
176,DsKlodzSzkol-NOx-1g,2026-05-29 21:00:00,21.4,222,2026-05-30 13:19:16.854545
177,DsKlodzSzkol-NOx-1g,2026-05-29 20:00:00,8.9,222,2026-05-30 13:19:16.854545
178,DsKlodzSzkol-NOx-1g,2026-05-29 19:00:00,5.0,222,2026-05-30 13:19:16.854545
179,DsKlodzSzkol-NOx-1g,2026-05-29 18:00:00,4.7,222,2026-05-30 13:19:16.854545
180,DsKlodzSzkol-O3-1g,2026-05-30 13:00:00,97.0,223,2026-05-30 13:19:16.892199
181,DsKlodzSzkol-O3-1g,2026-05-30 12:00:00,78.1,223,2026-05-30 13:19:16.892199
182,DsKlodzSzkol-O3-1g,2026-05-30 11:00:00,71.9,223,2026-05-30 13:19:16.892199
183,DsKlodzSzkol-O3-1g,2026-05-30 10:00:00,46.6,223,2026-05-30 13:19:16.892199
184,DsKlodzSzkol-O3-1g,2026-05-30 09:00:00,35.5,223,2026-05-30 13:19:16.892199
185,DsKlodzSzkol-O3-1g,2026-05-30 08:00:00,30.3,223,2026-05-30 13:19:16.892199
186,DsKlodzSzkol-O3-1g,2026-05-30 07:00:00,42.2,223,2026-05-30 13:19:16.892199
187,DsKlodzSzkol-O3-1g,2026-05-30 06:00:00,45.1,223,2026-05-30 13:19:16.892199
188,DsKlodzSzkol-O3-1g,2026-05-30 05:00:00,40.6,223,2026-05-30 13:19:16.892199
189,DsKlodzSzkol-O3-1g,2026-05-30 04:00:00,45.1,223,2026-05-30 13:19:16.892199
190,DsKlodzSzkol-O3-1g,2026-05-30 03:00:00,41.6,223,2026-05-30 13:19:16.892199
191,DsKlodzSzkol-O3-1g,2026-05-30 02:00:00,46.6,223,2026-05-30 13:19:16.892199
192,DsKlodzSzkol-O3-1g,2026-05-30 01:00:00,46.8,223,2026-05-30 13:19:16.892199
193,DsKlodzSzkol-O3-1g,2026-05-30 00:00:00,45.9,223,2026-05-30 13:19:16.892199
194,DsKlodzSzkol-O3-1g,2026-05-29 23:00:00,44.9,223,2026-05-30 13:19:16.892199
195,DsKlodzSzkol-O3-1g,2026-05-29 22:00:00,61.1,223,2026-05-30 13:19:16.892199
196,DsKlodzSzkol-O3-1g,2026-05-29 21:00:00,90.0,223,2026-05-30 13:19:16.892199
197,DsKlodzSzkol-O3-1g,2026-05-29 20:00:00,114.8,223,2026-05-30 13:19:16.892199
198,DsKlodzSzkol-O3-1g,2026-05-29 19:00:00,119.6,223,2026-05-30 13:19:16.892199
199,DsKlodzSzkol-O3-1g,2026-05-29 18:00:00,117.5,223,2026-05-30 13:19:16.892199
200,DsKlodzSzkol-PM10-1g,2026-05-30 13:00:00,13.7,224,2026-05-30 13:19:16.928204
201,DsKlodzSzkol-PM10-1g,2026-05-30 12:00:00,11.9,224,2026-05-30 13:19:16.928204
202,DsKlodzSzkol-PM10-1g,2026-05-30 11:00:00,11.2,224,2026-05-30 13:19:16.928204
203,DsKlodzSzkol-PM10-1g,2026-05-30 10:00:00,13.5,224,2026-05-30 13:19:16.928204
204,DsKlodzSzkol-PM10-1g,2026-05-30 09:00:00,14.2,224,2026-05-30 13:19:16.928204
205,DsKlodzSzkol-PM10-1g,2026-05-30 08:00:00,18.3,224,2026-05-30 13:19:16.928204
206,DsKlodzSzkol-PM10-1g,2026-05-30 07:00:00,16.2,224,2026-05-30 13:19:16.928204
207,DsKlodzSzkol-PM10-1g,2026-05-30 06:00:00,13.6,224,2026-05-30 13:19:16.928204
208,DsKlodzSzkol-PM10-1g,2026-05-30 05:00:00,15.9,224,2026-05-30 13:19:16.928204
209,DsKlodzSzkol-PM10-1g,2026-05-30 04:00:00,16.5,224,2026-05-30 13:19:16.928204
210,DsKlodzSzkol-PM10-1g,2026-05-30 03:00:00,15.5,224,2026-05-30 13:19:16.928204
211,DsKlodzSzkol-PM10-1g,2026-05-30 02:00:00,17.3,224,2026-05-30 13:19:16.928204
212,DsKlodzSzkol-PM10-1g,2026-05-30 01:00:00,14.9,224,2026-05-30 13:19:16.928204
213,DsKlodzSzkol-PM10-1g,2026-05-30 00:00:00,17.5,224,2026-05-30 13:19:16.928204
214,DsKlodzSzkol-PM10-1g,2026-05-29 23:00:00,22.3,224,2026-05-30 13:19:16.928204
215,DsKlodzSzkol-PM10-1g,2026-05-29 22:00:00,26.0,224,2026-05-30 13:19:16.928204
216,DsKlodzSzkol-PM10-1g,2026-05-29 21:00:00,14.9,224,2026-05-30 13:19:16.928204
217,DsKlodzSzkol-PM10-1g,2026-05-29 20:00:00,16.8,224,2026-05-30 13:19:16.928204
218,DsKlodzSzkol-PM10-1g,2026-05-29 19:00:00,17.5,224,2026-05-30 13:19:16.928204
219,DsKlodzSzkol-PM10-1g,2026-05-29 18:00:00,19.1,224,2026-05-30 13:19:16.928204
220,DsKlodzSzkol-PM2.5-1g,2026-05-30 13:00:00,6.3,25988,2026-05-30 13:19:16.955042
221,DsKlodzSzkol-PM2.5-1g,2026-05-30 12:00:00,6.3,25988,2026-05-30 13:19:16.955042
222,DsKlodzSzkol-PM2.5-1g,2026-05-30 11:00:00,5.9,25988,2026-05-30 13:19:16.955042
223,DsKlodzSzkol-PM2.5-1g,2026-05-30 10:00:00,7.6,25988,2026-05-30 13:19:16.955042
224,DsKlodzSzkol-PM2.5-1g,2026-05-30 09:00:00,7.8,25988,2026-05-30 13:19:16.955042
225,DsKlodzSzkol-PM2.5-1g,2026-05-30 08:00:00,8.9,25988,2026-05-30 13:19:16.955042
226,DsKlodzSzkol-PM2.5-1g,2026-05-30 07:00:00,7.9,25988,2026-05-30 13:19:16.955042
227,DsKlodzSzkol-PM2.5-1g,2026-05-30 06:00:00,7.9,25988,2026-05-30 13:19:16.955042
228,DsKlodzSzkol-PM2.5-1g,2026-05-30 05:00:00,8.2,25988,2026-05-30 13:19:16.955042
229,DsKlodzSzkol-PM2.5-1g,2026-05-30 04:00:00,8.7,25988,2026-05-30 13:19:16.955042
230,DsKlodzSzkol-PM2.5-1g,2026-05-30 03:00:00,9.1,25988,2026-05-30 13:19:16.955042
231,DsKlodzSzkol-PM2.5-1g,2026-05-30 02:00:00,9.2,25988,2026-05-30 13:19:16.955042
232,DsKlodzSzkol-PM2.5-1g,2026-05-30 01:00:00,8.2,25988,2026-05-30 13:19:16.955042
233,DsKlodzSzkol-PM2.5-1g,2026-05-30 00:00:00,10.2,25988,2026-05-30 13:19:16.955042
234,DsKlodzSzkol-PM2.5-1g,2026-05-29 23:00:00,10.1,25988,2026-05-30 13:19:16.955042
235,DsKlodzSzkol-PM2.5-1g,2026-05-29 22:00:00,9.8,25988,2026-05-30 13:19:16.955042
236,DsKlodzSzkol-PM2.5-1g,2026-05-29 21:00:00,5.1,25988,2026-05-30 13:19:16.955042
237,DsKlodzSzkol-PM2.5-1g,2026-05-29 20:00:00,5.3,25988,2026-05-30 13:19:16.955042
238,DsKlodzSzkol-PM2.5-1g,2026-05-29 19:00:00,6.0,25988,2026-05-30 13:19:16.955042
239,DsKlodzSzkol-PM2.5-1g,2026-05-29 18:00:00,5.9,25988,2026-05-30 13:19:16.955042
240,DsLegAlRzecz-C6H6-1g,2026-05-30 13:00:00,0.1,282,2026-05-30 13:19:17.093815
241,DsLegAlRzecz-C6H6-1g,2026-05-30 12:00:00,0.1,282,2026-05-30 13:19:17.093815
242,DsLegAlRzecz-C6H6-1g,2026-05-30 11:00:00,0.11,282,2026-05-30 13:19:17.093815
243,DsLegAlRzecz-C6H6-1g,2026-05-30 10:00:00,0.16,282,2026-05-30 13:19:17.093815
244,DsLegAlRzecz-C6H6-1g,2026-05-30 09:00:00,0.17,282,2026-05-30 13:19:17.093815
245,DsLegAlRzecz-C6H6-1g,2026-05-30 08:00:00,0.14,282,2026-05-30 13:19:17.093815
246,DsLegAlRzecz-C6H6-1g,2026-05-30 07:00:00,0.11,282,2026-05-30 13:19:17.093815
247,DsLegAlRzecz-C6H6-1g,2026-05-30 06:00:00,0.13,282,2026-05-30 13:19:17.093815
248,DsLegAlRzecz-C6H6-1g,2026-05-30 05:00:00,0.13,282,2026-05-30 13:19:17.093815
249,DsLegAlRzecz-C6H6-1g,2026-05-30 04:00:00,0.16,282,2026-05-30 13:19:17.093815
250,DsLegAlRzecz-C6H6-1g,2026-05-30 03:00:00,0.14,282,2026-05-30 13:19:17.093815
251,DsLegAlRzecz-C6H6-1g,2026-05-30 02:00:00,0.15,282,2026-05-30 13:19:17.093815
252,DsLegAlRzecz-C6H6-1g,2026-05-30 01:00:00,0.15,282,2026-05-30 13:19:17.093815
253,DsLegAlRzecz-C6H6-1g,2026-05-30 00:00:00,0.17,282,2026-05-30 13:19:17.093815
254,DsLegAlRzecz-C6H6-1g,2026-05-29 23:00:00,0.31,282,2026-05-30 13:19:17.093815
255,DsLegAlRzecz-C6H6-1g,2026-05-29 22:00:00,0.24,282,2026-05-30 13:19:17.093815
256,DsLegAlRzecz-C6H6-1g,2026-05-29 21:00:00,0.14,282,2026-05-30 13:19:17.093815
257,DsLegAlRzecz-C6H6-1g,2026-05-29 20:00:00,0.13,282,2026-05-30 13:19:17.093815
258,DsLegAlRzecz-C6H6-1g,2026-05-29 19:00:00,0.11,282,2026-05-30 13:19:17.093815
259,DsLegAlRzecz-C6H6-1g,2026-05-29 18:00:00,0.09,282,2026-05-30 13:19:17.093815
260,DsLegAlRzecz-NO-1g,2026-05-30 13:00:00,0.9,290,2026-05-30 13:19:17.232366
261,DsLegAlRzecz-NO-1g,2026-05-30 12:00:00,1.2,290,2026-05-30 13:19:17.232366
262,DsLegAlRzecz-NO-1g,2026-05-30 11:00:00,1.1,290,2026-05-30 13:19:17.232366
263,DsLegAlRzecz-NO-1g,2026-05-30 10:00:00,1.6,290,2026-05-30 13:19:17.232366
264,DsLegAlRzecz-NO-1g,2026-05-30 09:00:00,1.5,290,2026-05-30 13:19:17.232366
265,DsLegAlRzecz-NO-1g,2026-05-30 08:00:00,1.2,290,2026-05-30 13:19:17.232366
266,DsLegAlRzecz-NO-1g,2026-05-30 07:00:00,0.5,290,2026-05-30 13:19:17.232366
267,DsLegAlRzecz-NO-1g,2026-05-30 06:00:00,0.4,290,2026-05-30 13:19:17.232366
268,DsLegAlRzecz-NO-1g,2026-05-30 05:00:00,0.2,290,2026-05-30 13:19:17.232366
269,DsLegAlRzecz-NO-1g,2026-05-30 04:00:00,0.3,290,2026-05-30 13:19:17.232366
270,DsLegAlRzecz-NO-1g,2026-05-30 03:00:00,0.4,290,2026-05-30 13:19:17.232366
271,DsLegAlRzecz-NO-1g,2026-05-30 02:00:00,0.3,290,2026-05-30 13:19:17.232366
272,DsLegAlRzecz-NO-1g,2026-05-30 01:00:00,0.2,290,2026-05-30 13:19:17.232366
273,DsLegAlRzecz-NO-1g,2026-05-30 00:00:00,0.2,290,2026-05-30 13:19:17.232366
274,DsLegAlRzecz-NO-1g,2026-05-29 23:00:00,0.7,290,2026-05-30 13:19:17.232366
275,DsLegAlRzecz-NO-1g,2026-05-29 22:00:00,0.7,290,2026-05-30 13:19:17.232366
276,DsLegAlRzecz-NO-1g,2026-05-29 21:00:00,0.4,290,2026-05-30 13:19:17.232366
277,DsLegAlRzecz-NO-1g,2026-05-29 20:00:00,0.5,290,2026-05-30 13:19:17.232366
278,DsLegAlRzecz-NO-1g,2026-05-29 19:00:00,0.7,290,2026-05-30 13:19:17.232366
279,DsLegAlRzecz-NO-1g,2026-05-29 18:00:00,0.5,290,2026-05-30 13:19:17.232366
280,DsLegAlRzecz-NO2-1g,2026-05-30 13:00:00,5.8,291,2026-05-30 13:19:17.266151
281,DsLegAlRzecz-NO2-1g,2026-05-30 12:00:00,6.8,291,2026-05-30 13:19:17.266151
282,DsLegAlRzecz-NO2-1g,2026-05-30 11:00:00,6.7,291,2026-05-30 13:19:17.266151
283,DsLegAlRzecz-NO2-1g,2026-05-30 10:00:00,7.9,291,2026-05-30 13:19:17.266151
284,DsLegAlRzecz-NO2-1g,2026-05-30 09:00:00,9.7,291,2026-05-30 13:19:17.266151
285,DsLegAlRzecz-NO2-1g,2026-05-30 08:00:00,12.9,291,2026-05-30 13:19:17.266151
286,DsLegAlRzecz-NO2-1g,2026-05-30 07:00:00,9.8,291,2026-05-30 13:19:17.266151
287,DsLegAlRzecz-NO2-1g,2026-05-30 06:00:00,9.9,291,2026-05-30 13:19:17.266151
288,DsLegAlRzecz-NO2-1g,2026-05-30 05:00:00,5.5,291,2026-05-30 13:19:17.266151
289,DsLegAlRzecz-NO2-1g,2026-05-30 04:00:00,8.2,291,2026-05-30 13:19:17.266151
290,DsLegAlRzecz-NO2-1g,2026-05-30 03:00:00,8.0,291,2026-05-30 13:19:17.266151
291,DsLegAlRzecz-NO2-1g,2026-05-30 02:00:00,8.4,291,2026-05-30 13:19:17.266151
292,DsLegAlRzecz-NO2-1g,2026-05-30 01:00:00,7.2,291,2026-05-30 13:19:17.266151
293,DsLegAlRzecz-NO2-1g,2026-05-30 00:00:00,7.2,291,2026-05-30 13:19:17.266151
294,DsLegAlRzecz-NO2-1g,2026-05-29 23:00:00,18.9,291,2026-05-30 13:19:17.266151
295,DsLegAlRzecz-NO2-1g,2026-05-29 22:00:00,27.5,291,2026-05-30 13:19:17.266151
296,DsLegAlRzecz-NO2-1g,2026-05-29 21:00:00,16.6,291,2026-05-30 13:19:17.266151
297,DsLegAlRzecz-NO2-1g,2026-05-29 20:00:00,10.9,291,2026-05-30 13:19:17.266151
298,DsLegAlRzecz-NO2-1g,2026-05-29 19:00:00,9.0,291,2026-05-30 13:19:17.266151
299,DsLegAlRzecz-NO2-1g,2026-05-29 18:00:00,7.3,291,2026-05-30 13:19:17.266151
300,DsLegAlRzecz-NOx-1g,2026-05-30 13:00:00,7.3,292,2026-05-30 13:19:17.302829
301,DsLegAlRzecz-NOx-1g,2026-05-30 12:00:00,8.7,292,2026-05-30 13:19:17.302829
302,DsLegAlRzecz-NOx-1g,2026-05-30 11:00:00,8.3,292,2026-05-30 13:19:17.302829
303,DsLegAlRzecz-NOx-1g,2026-05-30 10:00:00,10.3,292,2026-05-30 13:19:17.302829
304,DsLegAlRzecz-NOx-1g,2026-05-30 09:00:00,11.9,292,2026-05-30 13:19:17.302829
305,DsLegAlRzecz-NOx-1g,2026-05-30 08:00:00,14.8,292,2026-05-30 13:19:17.302829
306,DsLegAlRzecz-NOx-1g,2026-05-30 07:00:00,10.5,292,2026-05-30 13:19:17.302829
307,DsLegAlRzecz-NOx-1g,2026-05-30 06:00:00,10.6,292,2026-05-30 13:19:17.302829
308,DsLegAlRzecz-NOx-1g,2026-05-30 05:00:00,5.8,292,2026-05-30 13:19:17.302829
309,DsLegAlRzecz-NOx-1g,2026-05-30 04:00:00,8.7,292,2026-05-30 13:19:17.302829
310,DsLegAlRzecz-NOx-1g,2026-05-30 03:00:00,8.5,292,2026-05-30 13:19:17.302829
311,DsLegAlRzecz-NOx-1g,2026-05-30 02:00:00,8.9,292,2026-05-30 13:19:17.302829
312,DsLegAlRzecz-NOx-1g,2026-05-30 01:00:00,7.6,292,2026-05-30 13:19:17.302829
313,DsLegAlRzecz-NOx-1g,2026-05-30 00:00:00,7.6,292,2026-05-30 13:19:17.302829
314,DsLegAlRzecz-NOx-1g,2026-05-29 23:00:00,20.0,292,2026-05-30 13:19:17.302829
315,DsLegAlRzecz-NOx-1g,2026-05-29 22:00:00,28.6,292,2026-05-30 13:19:17.302829
316,DsLegAlRzecz-NOx-1g,2026-05-29 21:00:00,17.2,292,2026-05-30 13:19:17.302829
317,DsLegAlRzecz-NOx-1g,2026-05-29 20:00:00,11.7,292,2026-05-30 13:19:17.302829
318,DsLegAlRzecz-NOx-1g,2026-05-29 19:00:00,10.1,292,2026-05-30 13:19:17.302829
319,DsLegAlRzecz-NOx-1g,2026-05-29 18:00:00,8.0,292,2026-05-30 13:19:17.302829
320,DsLegAlRzecz-O3-1g,2026-05-30 13:00:00,103.9,293,2026-05-30 13:19:17.338449
321,DsLegAlRzecz-O3-1g,2026-05-30 12:00:00,99.4,293,2026-05-30 13:19:17.338449
322,DsLegAlRzecz-O3-1g,2026-05-30 11:00:00,88.8,293,2026-05-30 13:19:17.338449
323,DsLegAlRzecz-O3-1g,2026-05-30 10:00:00,73.2,293,2026-05-30 13:19:17.338449
324,DsLegAlRzecz-O3-1g,2026-05-30 09:00:00,64.1,293,2026-05-30 13:19:17.338449
325,DsLegAlRzecz-O3-1g,2026-05-30 08:00:00,62.4,293,2026-05-30 13:19:17.338449
326,DsLegAlRzecz-O3-1g,2026-05-30 07:00:00,74.2,293,2026-05-30 13:19:17.338449
327,DsLegAlRzecz-O3-1g,2026-05-30 06:00:00,83.4,293,2026-05-30 13:19:17.338449
328,DsLegAlRzecz-O3-1g,2026-05-30 05:00:00,90.8,293,2026-05-30 13:19:17.338449
329,DsLegAlRzecz-O3-1g,2026-05-30 04:00:00,83.7,293,2026-05-30 13:19:17.338449
330,DsLegAlRzecz-O3-1g,2026-05-30 03:00:00,82.1,293,2026-05-30 13:19:17.338449
331,DsLegAlRzecz-O3-1g,2026-05-30 02:00:00,83.8,293,2026-05-30 13:19:17.338449
332,DsLegAlRzecz-O3-1g,2026-05-30 01:00:00,87.7,293,2026-05-30 13:19:17.338449
333,DsLegAlRzecz-O3-1g,2026-05-30 00:00:00,92.1,293,2026-05-30 13:19:17.338449
334,DsLegAlRzecz-O3-1g,2026-05-29 23:00:00,83.7,293,2026-05-30 13:19:17.338449
335,DsLegAlRzecz-O3-1g,2026-05-29 22:00:00,76.7,293,2026-05-30 13:19:17.338449
336,DsLegAlRzecz-O3-1g,2026-05-29 21:00:00,94.9,293,2026-05-30 13:19:17.338449
337,DsLegAlRzecz-O3-1g,2026-05-29 20:00:00,106.7,293,2026-05-30 13:19:17.338449
338,DsLegAlRzecz-O3-1g,2026-05-29 19:00:00,112.6,293,2026-05-30 13:19:17.338449
339,DsLegAlRzecz-O3-1g,2026-05-29 18:00:00,118.5,293,2026-05-30 13:19:17.338449
340,DsLegAlRzecz-SO2-1g,2026-05-30 13:00:00,3.8,297,2026-05-30 13:19:17.498742
341,DsLegAlRzecz-SO2-1g,2026-05-30 12:00:00,4.2,297,2026-05-30 13:19:17.498742
342,DsLegAlRzecz-SO2-1g,2026-05-30 11:00:00,4.3,297,2026-05-30 13:19:17.498742
343,DsLegAlRzecz-SO2-1g,2026-05-30 10:00:00,3.8,297,2026-05-30 13:19:17.498742
344,DsLegAlRzecz-SO2-1g,2026-05-30 09:00:00,3.3,297,2026-05-30 13:19:17.498742
345,DsLegAlRzecz-SO2-1g,2026-05-30 08:00:00,3.7,297,2026-05-30 13:19:17.498742
346,DsLegAlRzecz-SO2-1g,2026-05-30 07:00:00,3.9,297,2026-05-30 13:19:17.498742
347,DsLegAlRzecz-SO2-1g,2026-05-30 06:00:00,3.6,297,2026-05-30 13:19:17.498742
348,DsLegAlRzecz-SO2-1g,2026-05-30 05:00:00,4.0,297,2026-05-30 13:19:17.498742
349,DsLegAlRzecz-SO2-1g,2026-05-30 04:00:00,3.9,297,2026-05-30 13:19:17.498742
350,DsLegAlRzecz-SO2-1g,2026-05-30 03:00:00,2.8,297,2026-05-30 13:19:17.498742
351,DsLegAlRzecz-SO2-1g,2026-05-30 02:00:00,2.4,297,2026-05-30 13:19:17.498742
352,DsLegAlRzecz-SO2-1g,2026-05-30 01:00:00,2.8,297,2026-05-30 13:19:17.498742
353,DsLegAlRzecz-SO2-1g,2026-05-30 00:00:00,2.8,297,2026-05-30 13:19:17.498742
354,DsLegAlRzecz-SO2-1g,2026-05-29 23:00:00,2.5,297,2026-05-30 13:19:17.498742
355,DsLegAlRzecz-SO2-1g,2026-05-29 22:00:00,2.9,297,2026-05-30 13:19:17.498742
356,DsLegAlRzecz-SO2-1g,2026-05-29 21:00:00,3.1,297,2026-05-30 13:19:17.498742
357,DsLegAlRzecz-SO2-1g,2026-05-29 20:00:00,3.2,297,2026-05-30 13:19:17.498742
358,DsLegAlRzecz-SO2-1g,2026-05-29 19:00:00,4.4,297,2026-05-30 13:19:17.498742
359,DsLegAlRzecz-SO2-1g,2026-05-29 18:00:00,4.7,297,2026-05-30 13:19:17.498742
360,DsLegAlRzecz-PM10-1g,2026-05-30 13:00:00,18.3,14397,2026-05-30 13:19:17.537975
361,DsLegAlRzecz-PM10-1g,2026-05-30 12:00:00,17.8,14397,2026-05-30 13:19:17.537975
362,DsLegAlRzecz-PM10-1g,2026-05-30 11:00:00,18.4,14397,2026-05-30 13:19:17.537975
363,DsLegAlRzecz-PM10-1g,2026-05-30 10:00:00,16.7,14397,2026-05-30 13:19:17.537975
364,DsLegAlRzecz-PM10-1g,2026-05-30 09:00:00,14.0,14397,2026-05-30 13:19:17.537975
365,DsLegAlRzecz-PM10-1g,2026-05-30 08:00:00,14.4,14397,2026-05-30 13:19:17.537975
366,DsLegAlRzecz-PM10-1g,2026-05-30 07:00:00,15.8,14397,2026-05-30 13:19:17.537975
367,DsLegAlRzecz-PM10-1g,2026-05-30 06:00:00,18.0,14397,2026-05-30 13:19:17.537975
368,DsLegAlRzecz-PM10-1g,2026-05-30 05:00:00,13.1,14397,2026-05-30 13:19:17.537975
369,DsLegAlRzecz-PM10-1g,2026-05-30 04:00:00,15.1,14397,2026-05-30 13:19:17.537975
370,DsLegAlRzecz-PM10-1g,2026-05-30 03:00:00,13.2,14397,2026-05-30 13:19:17.537975
371,DsLegAlRzecz-PM10-1g,2026-05-30 02:00:00,15.2,14397,2026-05-30 13:19:17.537975
372,DsLegAlRzecz-PM10-1g,2026-05-30 01:00:00,15.6,14397,2026-05-30 13:19:17.537975
373,DsLegAlRzecz-PM10-1g,2026-05-30 00:00:00,17.9,14397,2026-05-30 13:19:17.537975
374,DsLegAlRzecz-PM10-1g,2026-05-29 23:00:00,21.3,14397,2026-05-30 13:19:17.537975
375,DsLegAlRzecz-PM10-1g,2026-05-29 22:00:00,21.9,14397,2026-05-30 13:19:17.537975
376,DsLegAlRzecz-PM10-1g,2026-05-29 21:00:00,19.7,14397,2026-05-30 13:19:17.537975
377,DsLegAlRzecz-PM10-1g,2026-05-29 20:00:00,19.3,14397,2026-05-30 13:19:17.537975
378,DsLegAlRzecz-PM10-1g,2026-05-29 19:00:00,17.8,14397,2026-05-30 13:19:17.537975
379,DsLegAlRzecz-PM10-1g,2026-05-29 18:00:00,16.4,14397,2026-05-30 13:19:17.537975
380,DsLegAlRzecz-PM2.5-1g,2026-05-30 13:00:00,9.4,32560,2026-05-30 13:19:17.572942
381,DsLegAlRzecz-PM2.5-1g,2026-05-30 12:00:00,8.9,32560,2026-05-30 13:19:17.572942
382,DsLegAlRzecz-PM2.5-1g,2026-05-30 11:00:00,8.8,32560,2026-05-30 13:19:17.572942
383,DsLegAlRzecz-PM2.5-1g,2026-05-30 10:00:00,8.3,32560,2026-05-30 13:19:17.572942
384,DsLegAlRzecz-PM2.5-1g,2026-05-30 09:00:00,8.0,32560,2026-05-30 13:19:17.572942
385,DsLegAlRzecz-PM2.5-1g,2026-05-30 08:00:00,8.5,32560,2026-05-30 13:19:17.572942
386,DsLegAlRzecz-PM2.5-1g,2026-05-30 07:00:00,8.0,32560,2026-05-30 13:19:17.572942
387,DsLegAlRzecz-PM2.5-1g,2026-05-30 06:00:00,7.4,32560,2026-05-30 13:19:17.572942
388,DsLegAlRzecz-PM2.5-1g,2026-05-30 05:00:00,6.8,32560,2026-05-30 13:19:17.572942
389,DsLegAlRzecz-PM2.5-1g,2026-05-30 04:00:00,7.4,32560,2026-05-30 13:19:17.572942
390,DsLegAlRzecz-PM2.5-1g,2026-05-30 03:00:00,7.2,32560,2026-05-30 13:19:17.572942
391,DsLegAlRzecz-PM2.5-1g,2026-05-30 02:00:00,7.5,32560,2026-05-30 13:19:17.572942
392,DsLegAlRzecz-PM2.5-1g,2026-05-30 01:00:00,7.7,32560,2026-05-30 13:19:17.572942
393,DsLegAlRzecz-PM2.5-1g,2026-05-30 00:00:00,7.8,32560,2026-05-30 13:19:17.572942
394,DsLegAlRzecz-PM2.5-1g,2026-05-29 23:00:00,8.5,32560,2026-05-30 13:19:17.572942
395,DsLegAlRzecz-PM2.5-1g,2026-05-29 22:00:00,8.7,32560,2026-05-30 13:19:17.572942
396,DsLegAlRzecz-PM2.5-1g,2026-05-29 21:00:00,8.3,32560,2026-05-30 13:19:17.572942
397,DsLegAlRzecz-PM2.5-1g,2026-05-29 20:00:00,8.0,32560,2026-05-30 13:19:17.572942
398,DsLegAlRzecz-PM2.5-1g,2026-05-29 19:00:00,7.7,32560,2026-05-30 13:19:17.572942
399,DsLegAlRzecz-PM2.5-1g,2026-05-29 18:00:00,7.5,32560,2026-05-30 13:19:17.572942
400,DsOlawZolnAK-NO-1g,2026-05-30 13:00:00,2.3,396,2026-05-30 13:19:17.655291
401,DsOlawZolnAK-NO-1g,2026-05-30 12:00:00,2.4,396,2026-05-30 13:19:17.655291
402,DsOlawZolnAK-NO-1g,2026-05-30 11:00:00,2.2,396,2026-05-30 13:19:17.655291
403,DsOlawZolnAK-NO-1g,2026-05-30 10:00:00,2.5,396,2026-05-30 13:19:17.655291
404,DsOlawZolnAK-NO-1g,2026-05-30 09:00:00,2.0,396,2026-05-30 13:19:17.655291
405,DsOlawZolnAK-NO-1g,2026-05-30 08:00:00,2.0,396,2026-05-30 13:19:17.655291
406,DsOlawZolnAK-NO-1g,2026-05-30 07:00:00,1.8,396,2026-05-30 13:19:17.655291
407,DsOlawZolnAK-NO-1g,2026-05-30 06:00:00,1.9,396,2026-05-30 13:19:17.655291
408,DsOlawZolnAK-NO-1g,2026-05-30 05:00:00,1.5,396,2026-05-30 13:19:17.655291
409,DsOlawZolnAK-NO-1g,2026-05-30 04:00:00,1.6,396,2026-05-30 13:19:17.655291
410,DsOlawZolnAK-NO-1g,2026-05-30 03:00:00,1.5,396,2026-05-30 13:19:17.655291
411,DsOlawZolnAK-NO-1g,2026-05-30 02:00:00,1.5,396,2026-05-30 13:19:17.655291
412,DsOlawZolnAK-NO-1g,2026-05-30 01:00:00,1.2,396,2026-05-30 13:19:17.655291
413,DsOlawZolnAK-NO-1g,2026-05-30 00:00:00,1.4,396,2026-05-30 13:19:17.655291
414,DsOlawZolnAK-NO-1g,2026-05-29 23:00:00,1.4,396,2026-05-30 13:19:17.655291
415,DsOlawZolnAK-NO-1g,2026-05-29 22:00:00,0.9,396,2026-05-30 13:19:17.655291
416,DsOlawZolnAK-NO-1g,2026-05-29 21:00:00,0.7,396,2026-05-30 13:19:17.655291
417,DsOlawZolnAK-NO-1g,2026-05-29 20:00:00,0.6,396,2026-05-30 13:19:17.655291
418,DsOlawZolnAK-NO-1g,2026-05-29 19:00:00,0.9,396,2026-05-30 13:19:17.655291
419,DsOlawZolnAK-NO-1g,2026-05-29 18:00:00,0.8,396,2026-05-30 13:19:17.655291
420,DsOlawZolnAK-NO2-1g,2026-05-30 13:00:00,5.5,397,2026-05-30 13:19:17.691390
421,DsOlawZolnAK-NO2-1g,2026-05-30 12:00:00,5.3,397,2026-05-30 13:19:17.691390
422,DsOlawZolnAK-NO2-1g,2026-05-30 11:00:00,6.8,397,2026-05-30 13:19:17.691390
423,DsOlawZolnAK-NO2-1g,2026-05-30 10:00:00,8.8,397,2026-05-30 13:19:17.691390
424,DsOlawZolnAK-NO2-1g,2026-05-30 09:00:00,11.7,397,2026-05-30 13:19:17.691390
425,DsOlawZolnAK-NO2-1g,2026-05-30 08:00:00,12.5,397,2026-05-30 13:19:17.691390
426,DsOlawZolnAK-NO2-1g,2026-05-30 07:00:00,13.5,397,2026-05-30 13:19:17.691390
427,DsOlawZolnAK-NO2-1g,2026-05-30 06:00:00,11.9,397,2026-05-30 13:19:17.691390
428,DsOlawZolnAK-NO2-1g,2026-05-30 05:00:00,10.3,397,2026-05-30 13:19:17.691390
429,DsOlawZolnAK-NO2-1g,2026-05-30 04:00:00,11.5,397,2026-05-30 13:19:17.691390
430,DsOlawZolnAK-NO2-1g,2026-05-30 03:00:00,12.9,397,2026-05-30 13:19:17.691390
431,DsOlawZolnAK-NO2-1g,2026-05-30 02:00:00,12.7,397,2026-05-30 13:19:17.691390
432,DsOlawZolnAK-NO2-1g,2026-05-30 01:00:00,14.2,397,2026-05-30 13:19:17.691390
433,DsOlawZolnAK-NO2-1g,2026-05-30 00:00:00,19.4,397,2026-05-30 13:19:17.691390
434,DsOlawZolnAK-NO2-1g,2026-05-29 23:00:00,22.7,397,2026-05-30 13:19:17.691390
435,DsOlawZolnAK-NO2-1g,2026-05-29 22:00:00,13.2,397,2026-05-30 13:19:17.691390
436,DsOlawZolnAK-NO2-1g,2026-05-29 21:00:00,14.1,397,2026-05-30 13:19:17.691390
437,DsOlawZolnAK-NO2-1g,2026-05-29 20:00:00,9.3,397,2026-05-30 13:19:17.691390
438,DsOlawZolnAK-NO2-1g,2026-05-29 19:00:00,6.5,397,2026-05-30 13:19:17.691390
439,DsOlawZolnAK-NO2-1g,2026-05-29 18:00:00,6.4,397,2026-05-30 13:19:17.691390
440,DsOlawZolnAK-NOx-1g,2026-05-30 13:00:00,9.0,398,2026-05-30 13:19:17.722669
441,DsOlawZolnAK-NOx-1g,2026-05-30 12:00:00,8.9,398,2026-05-30 13:19:17.722669
442,DsOlawZolnAK-NOx-1g,2026-05-30 11:00:00,10.2,398,2026-05-30 13:19:17.722669
443,DsOlawZolnAK-NOx-1g,2026-05-30 10:00:00,12.6,398,2026-05-30 13:19:17.722669
444,DsOlawZolnAK-NOx-1g,2026-05-30 09:00:00,14.8,398,2026-05-30 13:19:17.722669
445,DsOlawZolnAK-NOx-1g,2026-05-30 08:00:00,15.5,398,2026-05-30 13:19:17.722669
446,DsOlawZolnAK-NOx-1g,2026-05-30 07:00:00,16.3,398,2026-05-30 13:19:17.722669
447,DsOlawZolnAK-NOx-1g,2026-05-30 06:00:00,14.8,398,2026-05-30 13:19:17.722669
448,DsOlawZolnAK-NOx-1g,2026-05-30 05:00:00,12.6,398,2026-05-30 13:19:17.722669
449,DsOlawZolnAK-NOx-1g,2026-05-30 04:00:00,13.9,398,2026-05-30 13:19:17.722669
450,DsOlawZolnAK-NOx-1g,2026-05-30 03:00:00,15.2,398,2026-05-30 13:19:17.722669
451,DsOlawZolnAK-NOx-1g,2026-05-30 02:00:00,15.1,398,2026-05-30 13:19:17.722669
452,DsOlawZolnAK-NOx-1g,2026-05-30 01:00:00,16.1,398,2026-05-30 13:19:17.722669
453,DsOlawZolnAK-NOx-1g,2026-05-30 00:00:00,21.5,398,2026-05-30 13:19:17.722669
454,DsOlawZolnAK-NOx-1g,2026-05-29 23:00:00,24.8,398,2026-05-30 13:19:17.722669
455,DsOlawZolnAK-NOx-1g,2026-05-29 22:00:00,14.6,398,2026-05-30 13:19:17.722669
456,DsOlawZolnAK-NOx-1g,2026-05-29 21:00:00,15.2,398,2026-05-30 13:19:17.722669
457,DsOlawZolnAK-NOx-1g,2026-05-29 20:00:00,10.2,398,2026-05-30 13:19:17.722669
458,DsOlawZolnAK-NOx-1g,2026-05-29 19:00:00,7.9,398,2026-05-30 13:19:17.722669
459,DsOlawZolnAK-NOx-1g,2026-05-29 18:00:00,7.7,398,2026-05-30 13:19:17.722669
460,DsOlawZolnAK-PM10-1g,2026-05-30 13:00:00,14.9,400,2026-05-30 13:19:17.761501
461,DsOlawZolnAK-PM10-1g,2026-05-30 12:00:00,14.2,400,2026-05-30 13:19:17.761501
462,DsOlawZolnAK-PM10-1g,2026-05-30 11:00:00,12.6,400,2026-05-30 13:19:17.761501
463,DsOlawZolnAK-PM10-1g,2026-05-30 10:00:00,12.7,400,2026-05-30 13:19:17.761501
464,DsOlawZolnAK-PM10-1g,2026-05-30 09:00:00,11.4,400,2026-05-30 13:19:17.761501
465,DsOlawZolnAK-PM10-1g,2026-05-30 08:00:00,13.5,400,2026-05-30 13:19:17.761501
466,DsOlawZolnAK-PM10-1g,2026-05-30 07:00:00,14.1,400,2026-05-30 13:19:17.761501
467,DsOlawZolnAK-PM10-1g,2026-05-30 06:00:00,15.3,400,2026-05-30 13:19:17.761501
468,DsOlawZolnAK-PM10-1g,2026-05-30 05:00:00,15.3,400,2026-05-30 13:19:17.761501
469,DsOlawZolnAK-PM10-1g,2026-05-30 04:00:00,14.7,400,2026-05-30 13:19:17.761501
470,DsOlawZolnAK-PM10-1g,2026-05-30 03:00:00,17.7,400,2026-05-30 13:19:17.761501
471,DsOlawZolnAK-PM10-1g,2026-05-30 02:00:00,18.2,400,2026-05-30 13:19:17.761501
472,DsOlawZolnAK-PM10-1g,2026-05-30 01:00:00,22.7,400,2026-05-30 13:19:17.761501
473,DsOlawZolnAK-PM10-1g,2026-05-30 00:00:00,25.1,400,2026-05-30 13:19:17.761501
474,DsOlawZolnAK-PM10-1g,2026-05-29 23:00:00,27.9,400,2026-05-30 13:19:17.761501
475,DsOlawZolnAK-PM10-1g,2026-05-29 22:00:00,46.5,400,2026-05-30 13:19:17.761501
476,DsOlawZolnAK-PM10-1g,2026-05-29 21:00:00,39.8,400,2026-05-30 13:19:17.761501
477,DsOlawZolnAK-PM10-1g,2026-05-29 20:00:00,16.3,400,2026-05-30 13:19:17.761501
478,DsOlawZolnAK-PM10-1g,2026-05-29 19:00:00,13.4,400,2026-05-30 13:19:17.761501
479,DsOlawZolnAK-PM10-1g,2026-05-29 18:00:00,16.3,400,2026-05-30 13:19:17.761501
480,DsOlawZolnAK-O3-1g,2026-05-30 13:00:00,102.5,20214,2026-05-30 13:19:17.871981
481,DsOlawZolnAK-O3-1g,2026-05-30 12:00:00,92.9,20214,2026-05-30 13:19:17.871981
482,DsOlawZolnAK-O3-1g,2026-05-30 11:00:00,82.2,20214,2026-05-30 13:19:17.871981
483,DsOlawZolnAK-O3-1g,2026-05-30 10:00:00,60.2,20214,2026-05-30 13:19:17.871981
484,DsOlawZolnAK-O3-1g,2026-05-30 09:00:00,52.9,20214,2026-05-30 13:19:17.871981
485,DsOlawZolnAK-O3-1g,2026-05-30 08:00:00,55.3,20214,2026-05-30 13:19:17.871981
486,DsOlawZolnAK-O3-1g,2026-05-30 07:00:00,57.4,20214,2026-05-30 13:19:17.871981
487,DsOlawZolnAK-O3-1g,2026-05-30 06:00:00,65.8,20214,2026-05-30 13:19:17.871981
488,DsOlawZolnAK-O3-1g,2026-05-30 05:00:00,70.5,20214,2026-05-30 13:19:17.871981
489,DsOlawZolnAK-O3-1g,2026-05-30 04:00:00,71.3,20214,2026-05-30 13:19:17.871981
490,DsOlawZolnAK-O3-1g,2026-05-30 03:00:00,67.7,20214,2026-05-30 13:19:17.871981
491,DsOlawZolnAK-O3-1g,2026-05-30 02:00:00,68.4,20214,2026-05-30 13:19:17.871981
492,DsOlawZolnAK-O3-1g,2026-05-30 01:00:00,69.4,20214,2026-05-30 13:19:17.871981
493,DsOlawZolnAK-O3-1g,2026-05-30 00:00:00,69.5,20214,2026-05-30 13:19:17.871981
494,DsOlawZolnAK-O3-1g,2026-05-29 23:00:00,54.7,20214,2026-05-30 13:19:17.871981
495,DsOlawZolnAK-O3-1g,2026-05-29 22:00:00,70.8,20214,2026-05-30 13:19:17.871981
496,DsOlawZolnAK-O3-1g,2026-05-29 21:00:00,88.3,20214,2026-05-30 13:19:17.871981
497,DsOlawZolnAK-O3-1g,2026-05-29 20:00:00,106.9,20214,2026-05-30 13:19:17.871981
498,DsOlawZolnAK-O3-1g,2026-05-29 19:00:00,114.6,20214,2026-05-30 13:19:17.871981
499,DsOlawZolnAK-O3-1g,2026-05-29 18:00:00,120.7,20214,2026-05-30 13:19:17.871981
500,DsOlawZolnAK-PM2.5-1g,2026-05-30 13:00:00,7.9,32613,2026-05-30 13:19:17.906371
501,DsOlawZolnAK-PM2.5-1g,2026-05-30 12:00:00,7.4,32613,2026-05-30 13:19:17.906371
502,DsOlawZolnAK-PM2.5-1g,2026-05-30 11:00:00,6.9,32613,2026-05-30 13:19:17.906371
503,DsOlawZolnAK-PM2.5-1g,2026-05-30 10:00:00,6.8,32613,2026-05-30 13:19:17.906371
504,DsOlawZolnAK-PM2.5-1g,2026-05-30 09:00:00,6.6,32613,2026-05-30 13:19:17.906371
505,DsOlawZolnAK-PM2.5-1g,2026-05-30 08:00:00,7.9,32613,2026-05-30 13:19:17.906371
506,DsOlawZolnAK-PM2.5-1g,2026-05-30 07:00:00,7.4,32613,2026-05-30 13:19:17.906371
507,DsOlawZolnAK-PM2.5-1g,2026-05-30 06:00:00,8.1,32613,2026-05-30 13:19:17.906371
508,DsOlawZolnAK-PM2.5-1g,2026-05-30 05:00:00,8.7,32613,2026-05-30 13:19:17.906371
509,DsOlawZolnAK-PM2.5-1g,2026-05-30 04:00:00,7.2,32613,2026-05-30 13:19:17.906371
510,DsOlawZolnAK-PM2.5-1g,2026-05-30 03:00:00,7.6,32613,2026-05-30 13:19:17.906371
511,DsOlawZolnAK-PM2.5-1g,2026-05-30 02:00:00,8.3,32613,2026-05-30 13:19:17.906371
512,DsOlawZolnAK-PM2.5-1g,2026-05-30 01:00:00,9.1,32613,2026-05-30 13:19:17.906371
513,DsOlawZolnAK-PM2.5-1g,2026-05-30 00:00:00,9.5,32613,2026-05-30 13:19:17.906371
514,DsOlawZolnAK-PM2.5-1g,2026-05-29 23:00:00,11.7,32613,2026-05-30 13:19:17.906371
515,DsOlawZolnAK-PM2.5-1g,2026-05-29 22:00:00,25.4,32613,2026-05-30 13:19:17.906371
516,DsOlawZolnAK-PM2.5-1g,2026-05-29 21:00:00,22.0,32613,2026-05-30 13:19:17.906371
517,DsOlawZolnAK-PM2.5-1g,2026-05-29 20:00:00,5.9,32613,2026-05-30 13:19:17.906371
518,DsOlawZolnAK-PM2.5-1g,2026-05-29 19:00:00,5.3,32613,2026-05-30 13:19:17.906371
519,DsOlawZolnAK-PM2.5-1g,2026-05-29 18:00:00,5.9,32613,2026-05-30 13:19:17.906371
520,DsWalbrzWyso-C6H6-1g,2026-05-30 13:00:00,0.07,605,2026-05-30 13:19:19.708178
521,DsWalbrzWyso-C6H6-1g,2026-05-30 12:00:00,0.1,605,2026-05-30 13:19:19.708178
522,DsWalbrzWyso-C6H6-1g,2026-05-30 11:00:00,0.16,605,2026-05-30 13:19:19.708178
523,DsWalbrzWyso-C6H6-1g,2026-05-30 10:00:00,1.11,605,2026-05-30 13:19:19.708178
524,DsWalbrzWyso-C6H6-1g,2026-05-30 09:00:00,1.13,605,2026-05-30 13:19:19.708178
525,DsWalbrzWyso-C6H6-1g,2026-05-30 08:00:00,0.33,605,2026-05-30 13:19:19.708178
526,DsWalbrzWyso-C6H6-1g,2026-05-30 07:00:00,0.23,605,2026-05-30 13:19:19.708178
527,DsWalbrzWyso-C6H6-1g,2026-05-30 06:00:00,0.38,605,2026-05-30 13:19:19.708178
528,DsWalbrzWyso-C6H6-1g,2026-05-30 05:00:00,0.16,605,2026-05-30 13:19:19.708178
529,DsWalbrzWyso-C6H6-1g,2026-05-30 04:00:00,0.1,605,2026-05-30 13:19:19.708178
530,DsWalbrzWyso-C6H6-1g,2026-05-30 03:00:00,0.42,605,2026-05-30 13:19:19.708178
531,DsWalbrzWyso-C6H6-1g,2026-05-30 02:00:00,0.85,605,2026-05-30 13:19:19.708178
532,DsWalbrzWyso-C6H6-1g,2026-05-30 01:00:00,0.68,605,2026-05-30 13:19:19.708178
533,DsWalbrzWyso-C6H6-1g,2026-05-30 00:00:00,2.01,605,2026-05-30 13:19:19.708178
534,DsWalbrzWyso-C6H6-1g,2026-05-29 23:00:00,0.16,605,2026-05-30 13:19:19.708178
535,DsWalbrzWyso-C6H6-1g,2026-05-29 22:00:00,0.1,605,2026-05-30 13:19:19.708178
536,DsWalbrzWyso-C6H6-1g,2026-05-29 21:00:00,0.06,605,2026-05-30 13:19:19.708178
537,DsWalbrzWyso-C6H6-1g,2026-05-29 20:00:00,0.12,605,2026-05-30 13:19:19.708178
538,DsWalbrzWyso-C6H6-1g,2026-05-29 19:00:00,,605,2026-05-30 13:19:19.708178
539,DsWalbrzWyso-C6H6-1g,2026-05-29 18:00:00,0.03,605,2026-05-30 13:19:19.708178
540,DsWalbrzWyso-NO-1g,2026-05-30 13:00:00,0.9,613,2026-05-30 13:19:19.866041
541,DsWalbrzWyso-NO-1g,2026-05-30 12:00:00,1.4,613,2026-05-30 13:19:19.866041
542,DsWalbrzWyso-NO-1g,2026-05-30 11:00:00,1.6,613,2026-05-30 13:19:19.866041
543,DsWalbrzWyso-NO-1g,2026-05-30 10:00:00,2.9,613,2026-05-30 13:19:19.866041
544,DsWalbrzWyso-NO-1g,2026-05-30 09:00:00,8.6,613,2026-05-30 13:19:19.866041
545,DsWalbrzWyso-NO-1g,2026-05-30 08:00:00,1.8,613,2026-05-30 13:19:19.866041
546,DsWalbrzWyso-NO-1g,2026-05-30 07:00:00,1.5,613,2026-05-30 13:19:19.866041
547,DsWalbrzWyso-NO-1g,2026-05-30 06:00:00,1.6,613,2026-05-30 13:19:19.866041
548,DsWalbrzWyso-NO-1g,2026-05-30 05:00:00,1.1,613,2026-05-30 13:19:19.866041
549,DsWalbrzWyso-NO-1g,2026-05-30 04:00:00,1.1,613,2026-05-30 13:19:19.866041
550,DsWalbrzWyso-NO-1g,2026-05-30 03:00:00,1.1,613,2026-05-30 13:19:19.866041
551,DsWalbrzWyso-NO-1g,2026-05-30 02:00:00,1.5,613,2026-05-30 13:19:19.866041
552,DsWalbrzWyso-NO-1g,2026-05-30 01:00:00,1.0,613,2026-05-30 13:19:19.866041
553,DsWalbrzWyso-NO-1g,2026-05-30 00:00:00,1.7,613,2026-05-30 13:19:19.866041
554,DsWalbrzWyso-NO-1g,2026-05-29 23:00:00,1.7,613,2026-05-30 13:19:19.866041
555,DsWalbrzWyso-NO-1g,2026-05-29 22:00:00,1.4,613,2026-05-30 13:19:19.866041
556,DsWalbrzWyso-NO-1g,2026-05-29 21:00:00,1.2,613,2026-05-30 13:19:19.866041
557,DsWalbrzWyso-NO-1g,2026-05-29 20:00:00,1.0,613,2026-05-30 13:19:19.866041
558,DsWalbrzWyso-NO-1g,2026-05-29 19:00:00,1.5,613,2026-05-30 13:19:19.866041
559,DsWalbrzWyso-NO-1g,2026-05-29 18:00:00,1.4,613,2026-05-30 13:19:19.866041
560,DsWalbrzWyso-NO2-1g,2026-05-30 13:00:00,2.6,614,2026-05-30 13:19:19.895376
561,DsWalbrzWyso-NO2-1g,2026-05-30 12:00:00,3.1,614,2026-05-30 13:19:19.895376
562,DsWalbrzWyso-NO2-1g,2026-05-30 11:00:00,3.7,614,2026-05-30 13:19:19.895376
563,DsWalbrzWyso-NO2-1g,2026-05-30 10:00:00,9.9,614,2026-05-30 13:19:19.895376
564,DsWalbrzWyso-NO2-1g,2026-05-30 09:00:00,22.2,614,2026-05-30 13:19:19.895376
565,DsWalbrzWyso-NO2-1g,2026-05-30 08:00:00,9.3,614,2026-05-30 13:19:19.895376
566,DsWalbrzWyso-NO2-1g,2026-05-30 07:00:00,5.4,614,2026-05-30 13:19:19.895376
567,DsWalbrzWyso-NO2-1g,2026-05-30 06:00:00,12.6,614,2026-05-30 13:19:19.895376
568,DsWalbrzWyso-NO2-1g,2026-05-30 05:00:00,8.6,614,2026-05-30 13:19:19.895376
569,DsWalbrzWyso-NO2-1g,2026-05-30 04:00:00,4.3,614,2026-05-30 13:19:19.895376
570,DsWalbrzWyso-NO2-1g,2026-05-30 03:00:00,3.9,614,2026-05-30 13:19:19.895376
571,DsWalbrzWyso-NO2-1g,2026-05-30 02:00:00,12.4,614,2026-05-30 13:19:19.895376
572,DsWalbrzWyso-NO2-1g,2026-05-30 01:00:00,21.2,614,2026-05-30 13:19:19.895376
573,DsWalbrzWyso-NO2-1g,2026-05-30 00:00:00,36.5,614,2026-05-30 13:19:19.895376
574,DsWalbrzWyso-NO2-1g,2026-05-29 23:00:00,34.7,614,2026-05-30 13:19:19.895376
575,DsWalbrzWyso-NO2-1g,2026-05-29 22:00:00,26.5,614,2026-05-30 13:19:19.895376
576,DsWalbrzWyso-NO2-1g,2026-05-29 21:00:00,6.0,614,2026-05-30 13:19:19.895376
577,DsWalbrzWyso-NO2-1g,2026-05-29 20:00:00,4.4,614,2026-05-30 13:19:19.895376
578,DsWalbrzWyso-NO2-1g,2026-05-29 19:00:00,3.0,614,2026-05-30 13:19:19.895376
579,DsWalbrzWyso-NO2-1g,2026-05-29 18:00:00,3.1,614,2026-05-30 13:19:19.895376
580,DsWalbrzWyso-NOx-1g,2026-05-30 13:00:00,3.9,615,2026-05-30 13:19:19.925971
581,DsWalbrzWyso-NOx-1g,2026-05-30 12:00:00,5.2,615,2026-05-30 13:19:19.925971
582,DsWalbrzWyso-NOx-1g,2026-05-30 11:00:00,6.2,615,2026-05-30 13:19:19.925971
583,DsWalbrzWyso-NOx-1g,2026-05-30 10:00:00,14.3,615,2026-05-30 13:19:19.925971
584,DsWalbrzWyso-NOx-1g,2026-05-30 09:00:00,35.4,615,2026-05-30 13:19:19.925971
585,DsWalbrzWyso-NOx-1g,2026-05-30 08:00:00,12.1,615,2026-05-30 13:19:19.925971
586,DsWalbrzWyso-NOx-1g,2026-05-30 07:00:00,7.7,615,2026-05-30 13:19:19.925971
587,DsWalbrzWyso-NOx-1g,2026-05-30 06:00:00,15.1,615,2026-05-30 13:19:19.925971
588,DsWalbrzWyso-NOx-1g,2026-05-30 05:00:00,10.2,615,2026-05-30 13:19:19.925971
589,DsWalbrzWyso-NOx-1g,2026-05-30 04:00:00,5.9,615,2026-05-30 13:19:19.925971
590,DsWalbrzWyso-NOx-1g,2026-05-30 03:00:00,5.6,615,2026-05-30 13:19:19.925971
591,DsWalbrzWyso-NOx-1g,2026-05-30 02:00:00,14.7,615,2026-05-30 13:19:19.925971
592,DsWalbrzWyso-NOx-1g,2026-05-30 01:00:00,22.8,615,2026-05-30 13:19:19.925971
593,DsWalbrzWyso-NOx-1g,2026-05-30 00:00:00,39.1,615,2026-05-30 13:19:19.925971
594,DsWalbrzWyso-NOx-1g,2026-05-29 23:00:00,37.3,615,2026-05-30 13:19:19.925971
595,DsWalbrzWyso-NOx-1g,2026-05-29 22:00:00,28.6,615,2026-05-30 13:19:19.925971
596,DsWalbrzWyso-NOx-1g,2026-05-29 21:00:00,7.8,615,2026-05-30 13:19:19.925971
597,DsWalbrzWyso-NOx-1g,2026-05-29 20:00:00,5.9,615,2026-05-30 13:19:19.925971
598,DsWalbrzWyso-NOx-1g,2026-05-29 19:00:00,5.2,615,2026-05-30 13:19:19.925971
599,DsWalbrzWyso-NOx-1g,2026-05-29 18:00:00,5.3,615,2026-05-30 13:19:19.925971
600,DsWalbrzWyso-O3-1g,2026-05-30 13:00:00,98.5,616,2026-05-30 13:19:19.948864
601,DsWalbrzWyso-O3-1g,2026-05-30 12:00:00,93.5,616,2026-05-30 13:19:19.948864
602,DsWalbrzWyso-O3-1g,2026-05-30 11:00:00,85.7,616,2026-05-30 13:19:19.948864
603,DsWalbrzWyso-O3-1g,2026-05-30 10:00:00,68.5,616,2026-05-30 13:19:19.948864
604,DsWalbrzWyso-O3-1g,2026-05-30 09:00:00,49.4,616,2026-05-30 13:19:19.948864
605,DsWalbrzWyso-O3-1g,2026-05-30 08:00:00,60.9,616,2026-05-30 13:19:19.948864
606,DsWalbrzWyso-O3-1g,2026-05-30 07:00:00,78.3,616,2026-05-30 13:19:19.948864
607,DsWalbrzWyso-O3-1g,2026-05-30 06:00:00,69.4,616,2026-05-30 13:19:19.948864
608,DsWalbrzWyso-O3-1g,2026-05-30 05:00:00,81.3,616,2026-05-30 13:19:19.948864
609,DsWalbrzWyso-O3-1g,2026-05-30 04:00:00,93.4,616,2026-05-30 13:19:19.948864
610,DsWalbrzWyso-O3-1g,2026-05-30 03:00:00,93.3,616,2026-05-30 13:19:19.948864
611,DsWalbrzWyso-O3-1g,2026-05-30 02:00:00,74.0,616,2026-05-30 13:19:19.948864
612,DsWalbrzWyso-O3-1g,2026-05-30 01:00:00,68.1,616,2026-05-30 13:19:19.948864
613,DsWalbrzWyso-O3-1g,2026-05-30 00:00:00,43.3,616,2026-05-30 13:19:19.948864
614,DsWalbrzWyso-O3-1g,2026-05-29 23:00:00,54.9,616,2026-05-30 13:19:19.948864
615,DsWalbrzWyso-O3-1g,2026-05-29 22:00:00,65.3,616,2026-05-30 13:19:19.948864
616,DsWalbrzWyso-O3-1g,2026-05-29 21:00:00,94.6,616,2026-05-30 13:19:19.948864
617,DsWalbrzWyso-O3-1g,2026-05-29 20:00:00,106.2,616,2026-05-30 13:19:19.948864
618,DsWalbrzWyso-O3-1g,2026-05-29 19:00:00,112.1,616,2026-05-30 13:19:19.948864
619,DsWalbrzWyso-O3-1g,2026-05-29 18:00:00,111.5,616,2026-05-30 13:19:19.948864
620,DsWalbrzWyso-PM10-1g,2026-05-30 13:00:00,15.9,618,2026-05-30 13:19:20.029344
621,DsWalbrzWyso-PM10-1g,2026-05-30 12:00:00,12.9,618,2026-05-30 13:19:20.029344
622,DsWalbrzWyso-PM10-1g,2026-05-30 11:00:00,11.6,618,2026-05-30 13:19:20.029344
623,DsWalbrzWyso-PM10-1g,2026-05-30 10:00:00,13.9,618,2026-05-30 13:19:20.029344
624,DsWalbrzWyso-PM10-1g,2026-05-30 09:00:00,12.6,618,2026-05-30 13:19:20.029344
625,DsWalbrzWyso-PM10-1g,2026-05-30 08:00:00,14.2,618,2026-05-30 13:19:20.029344
626,DsWalbrzWyso-PM10-1g,2026-05-30 07:00:00,22.3,618,2026-05-30 13:19:20.029344
627,DsWalbrzWyso-PM10-1g,2026-05-30 06:00:00,10.3,618,2026-05-30 13:19:20.029344
628,DsWalbrzWyso-PM10-1g,2026-05-30 05:00:00,11.1,618,2026-05-30 13:19:20.029344
629,DsWalbrzWyso-PM10-1g,2026-05-30 04:00:00,10.5,618,2026-05-30 13:19:20.029344
630,DsWalbrzWyso-PM10-1g,2026-05-30 03:00:00,10.8,618,2026-05-30 13:19:20.029344
631,DsWalbrzWyso-PM10-1g,2026-05-30 02:00:00,12.1,618,2026-05-30 13:19:20.029344
632,DsWalbrzWyso-PM10-1g,2026-05-30 01:00:00,15.2,618,2026-05-30 13:19:20.029344
633,DsWalbrzWyso-PM10-1g,2026-05-30 00:00:00,18.8,618,2026-05-30 13:19:20.029344
634,DsWalbrzWyso-PM10-1g,2026-05-29 23:00:00,16.5,618,2026-05-30 13:19:20.029344
635,DsWalbrzWyso-PM10-1g,2026-05-29 22:00:00,16.6,618,2026-05-30 13:19:20.029344
636,DsWalbrzWyso-PM10-1g,2026-05-29 21:00:00,14.4,618,2026-05-30 13:19:20.029344
637,DsWalbrzWyso-PM10-1g,2026-05-29 20:00:00,11.3,618,2026-05-30 13:19:20.029344
638,DsWalbrzWyso-PM10-1g,2026-05-29 19:00:00,10.5,618,2026-05-30 13:19:20.029344
639,DsWalbrzWyso-PM10-1g,2026-05-29 18:00:00,11.3,618,2026-05-30 13:19:20.029344
640,DsWalbrzWyso-SO2-1g,2026-05-30 13:00:00,10.0,621,2026-05-30 13:19:20.174573
641,DsWalbrzWyso-SO2-1g,2026-05-30 12:00:00,9.7,621,2026-05-30 13:19:20.174573
642,DsWalbrzWyso-SO2-1g,2026-05-30 11:00:00,10.5,621,2026-05-30 13:19:20.174573
643,DsWalbrzWyso-SO2-1g,2026-05-30 10:00:00,9.3,621,2026-05-30 13:19:20.174573
644,DsWalbrzWyso-SO2-1g,2026-05-30 09:00:00,9.3,621,2026-05-30 13:19:20.174573
645,DsWalbrzWyso-SO2-1g,2026-05-30 08:00:00,9.0,621,2026-05-30 13:19:20.174573
646,DsWalbrzWyso-SO2-1g,2026-05-30 07:00:00,9.3,621,2026-05-30 13:19:20.174573
647,DsWalbrzWyso-SO2-1g,2026-05-30 06:00:00,9.3,621,2026-05-30 13:19:20.174573
648,DsWalbrzWyso-SO2-1g,2026-05-30 05:00:00,9.6,621,2026-05-30 13:19:20.174573
649,DsWalbrzWyso-SO2-1g,2026-05-30 04:00:00,9.9,621,2026-05-30 13:19:20.174573
650,DsWalbrzWyso-SO2-1g,2026-05-30 03:00:00,8.5,621,2026-05-30 13:19:20.174573
651,DsWalbrzWyso-SO2-1g,2026-05-30 02:00:00,8.9,621,2026-05-30 13:19:20.174573
652,DsWalbrzWyso-SO2-1g,2026-05-30 01:00:00,8.4,621,2026-05-30 13:19:20.174573
653,DsWalbrzWyso-SO2-1g,2026-05-30 00:00:00,8.9,621,2026-05-30 13:19:20.174573
654,DsWalbrzWyso-SO2-1g,2026-05-29 23:00:00,8.6,621,2026-05-30 13:19:20.174573
655,DsWalbrzWyso-SO2-1g,2026-05-29 22:00:00,8.6,621,2026-05-30 13:19:20.174573
656,DsWalbrzWyso-SO2-1g,2026-05-29 21:00:00,8.0,621,2026-05-30 13:19:20.174573
657,DsWalbrzWyso-SO2-1g,2026-05-29 20:00:00,8.7,621,2026-05-30 13:19:20.174573
658,DsWalbrzWyso-SO2-1g,2026-05-29 19:00:00,8.3,621,2026-05-30 13:19:20.174573
659,DsWalbrzWyso-SO2-1g,2026-05-29 18:00:00,8.1,621,2026-05-30 13:19:20.174573
660,DsWalbrzWyso-PM2.5-1g,2026-05-30 13:00:00,8.3,32600,2026-05-30 13:19:20.222827
661,DsWalbrzWyso-PM2.5-1g,2026-05-30 12:00:00,6.9,32600,2026-05-30 13:19:20.222827
662,DsWalbrzWyso-PM2.5-1g,2026-05-30 11:00:00,6.7,32600,2026-05-30 13:19:20.222827
663,DsWalbrzWyso-PM2.5-1g,2026-05-30 10:00:00,8.1,32600,2026-05-30 13:19:20.222827
664,DsWalbrzWyso-PM2.5-1g,2026-05-30 09:00:00,7.9,32600,2026-05-30 13:19:20.222827
665,DsWalbrzWyso-PM2.5-1g,2026-05-30 08:00:00,7.7,32600,2026-05-30 13:19:20.222827
666,DsWalbrzWyso-PM2.5-1g,2026-05-30 07:00:00,7.6,32600,2026-05-30 13:19:20.222827
667,DsWalbrzWyso-PM2.5-1g,2026-05-30 06:00:00,6.3,32600,2026-05-30 13:19:20.222827
668,DsWalbrzWyso-PM2.5-1g,2026-05-30 05:00:00,6.2,32600,2026-05-30 13:19:20.222827
669,DsWalbrzWyso-PM2.5-1g,2026-05-30 04:00:00,5.8,32600,2026-05-30 13:19:20.222827
670,DsWalbrzWyso-PM2.5-1g,2026-05-30 03:00:00,6.1,32600,2026-05-30 13:19:20.222827
671,DsWalbrzWyso-PM2.5-1g,2026-05-30 02:00:00,7.2,32600,2026-05-30 13:19:20.222827
672,DsWalbrzWyso-PM2.5-1g,2026-05-30 01:00:00,8.3,32600,2026-05-30 13:19:20.222827
673,DsWalbrzWyso-PM2.5-1g,2026-05-30 00:00:00,10.1,32600,2026-05-30 13:19:20.222827
674,DsWalbrzWyso-PM2.5-1g,2026-05-29 23:00:00,8.5,32600,2026-05-30 13:19:20.222827
675,DsWalbrzWyso-PM2.5-1g,2026-05-29 22:00:00,8.4,32600,2026-05-30 13:19:20.222827
676,DsWalbrzWyso-PM2.5-1g,2026-05-29 21:00:00,6.4,32600,2026-05-30 13:19:20.222827
677,DsWalbrzWyso-PM2.5-1g,2026-05-29 20:00:00,5.7,32600,2026-05-30 13:19:20.222827
678,DsWalbrzWyso-PM2.5-1g,2026-05-29 19:00:00,5.5,32600,2026-05-30 13:19:20.222827
679,DsWalbrzWyso-PM2.5-1g,2026-05-29 18:00:00,5.4,32600,2026-05-30 13:19:20.222827
680,DsWrocBartni-NO-1g,2026-05-30 13:00:00,1.2,641,2026-05-30 13:19:20.252752
681,DsWrocBartni-NO-1g,2026-05-30 12:00:00,2.1,641,2026-05-30 13:19:20.252752
682,DsWrocBartni-NO-1g,2026-05-30 11:00:00,3.0,641,2026-05-30 13:19:20.252752
683,DsWrocBartni-NO-1g,2026-05-30 10:00:00,4.2,641,2026-05-30 13:19:20.252752
684,DsWrocBartni-NO-1g,2026-05-30 09:00:00,2.8,641,2026-05-30 13:19:20.252752
685,DsWrocBartni-NO-1g,2026-05-30 08:00:00,1.9,641,2026-05-30 13:19:20.252752
686,DsWrocBartni-NO-1g,2026-05-30 07:00:00,1.3,641,2026-05-30 13:19:20.252752
687,DsWrocBartni-NO-1g,2026-05-30 06:00:00,1.8,641,2026-05-30 13:19:20.252752
688,DsWrocBartni-NO-1g,2026-05-30 05:00:00,2.1,641,2026-05-30 13:19:20.252752
689,DsWrocBartni-NO-1g,2026-05-30 04:00:00,1.6,641,2026-05-30 13:19:20.252752
690,DsWrocBartni-NO-1g,2026-05-30 03:00:00,2.1,641,2026-05-30 13:19:20.252752
691,DsWrocBartni-NO-1g,2026-05-30 02:00:00,3.0,641,2026-05-30 13:19:20.252752
692,DsWrocBartni-NO-1g,2026-05-30 01:00:00,2.8,641,2026-05-30 13:19:20.252752
693,DsWrocBartni-NO-1g,2026-05-30 00:00:00,4.7,641,2026-05-30 13:19:20.252752
694,DsWrocBartni-NO-1g,2026-05-29 23:00:00,4.1,641,2026-05-30 13:19:20.252752
695,DsWrocBartni-NO-1g,2026-05-29 22:00:00,1.6,641,2026-05-30 13:19:20.252752
696,DsWrocBartni-NO-1g,2026-05-29 21:00:00,0.8,641,2026-05-30 13:19:20.252752
697,DsWrocBartni-NO-1g,2026-05-29 20:00:00,0.6,641,2026-05-30 13:19:20.252752
698,DsWrocBartni-NO-1g,2026-05-29 19:00:00,0.8,641,2026-05-30 13:19:20.252752
699,DsWrocBartni-NO-1g,2026-05-29 18:00:00,0.6,641,2026-05-30 13:19:20.252752
700,DsWrocBartni-NO2-1g,2026-05-30 13:00:00,4.1,642,2026-05-30 13:19:20.281303
701,DsWrocBartni-NO2-1g,2026-05-30 12:00:00,5.3,642,2026-05-30 13:19:20.281303
702,DsWrocBartni-NO2-1g,2026-05-30 11:00:00,8.0,642,2026-05-30 13:19:20.281303
703,DsWrocBartni-NO2-1g,2026-05-30 10:00:00,14.6,642,2026-05-30 13:19:20.281303
704,DsWrocBartni-NO2-1g,2026-05-30 09:00:00,17.4,642,2026-05-30 13:19:20.281303
705,DsWrocBartni-NO2-1g,2026-05-30 08:00:00,16.4,642,2026-05-30 13:19:20.281303
706,DsWrocBartni-NO2-1g,2026-05-30 07:00:00,9.6,642,2026-05-30 13:19:20.281303
707,DsWrocBartni-NO2-1g,2026-05-30 06:00:00,10.6,642,2026-05-30 13:19:20.281303
708,DsWrocBartni-NO2-1g,2026-05-30 05:00:00,8.8,642,2026-05-30 13:19:20.281303
709,DsWrocBartni-NO2-1g,2026-05-30 04:00:00,8.6,642,2026-05-30 13:19:20.281303
710,DsWrocBartni-NO2-1g,2026-05-30 03:00:00,20.7,642,2026-05-30 13:19:20.281303
711,DsWrocBartni-NO2-1g,2026-05-30 02:00:00,27.3,642,2026-05-30 13:19:20.281303
712,DsWrocBartni-NO2-1g,2026-05-30 01:00:00,35.3,642,2026-05-30 13:19:20.281303
713,DsWrocBartni-NO2-1g,2026-05-30 00:00:00,47.2,642,2026-05-30 13:19:20.281303
714,DsWrocBartni-NO2-1g,2026-05-29 23:00:00,40.2,642,2026-05-30 13:19:20.281303
715,DsWrocBartni-NO2-1g,2026-05-29 22:00:00,21.8,642,2026-05-30 13:19:20.281303
716,DsWrocBartni-NO2-1g,2026-05-29 21:00:00,13.1,642,2026-05-30 13:19:20.281303
717,DsWrocBartni-NO2-1g,2026-05-29 20:00:00,2.9,642,2026-05-30 13:19:20.281303
718,DsWrocBartni-NO2-1g,2026-05-29 19:00:00,1.7,642,2026-05-30 13:19:20.281303
719,DsWrocBartni-NO2-1g,2026-05-29 18:00:00,1.1,642,2026-05-30 13:19:20.281303
720,DsWrocBartni-NOx-1g,2026-05-30 13:00:00,6.0,643,2026-05-30 13:19:20.312153
721,DsWrocBartni-NOx-1g,2026-05-30 12:00:00,8.5,643,2026-05-30 13:19:20.312153
722,DsWrocBartni-NOx-1g,2026-05-30 11:00:00,12.5,643,2026-05-30 13:19:20.312153
723,DsWrocBartni-NOx-1g,2026-05-30 10:00:00,21.1,643,2026-05-30 13:19:20.312153
724,DsWrocBartni-NOx-1g,2026-05-30 09:00:00,21.7,643,2026-05-30 13:19:20.312153
725,DsWrocBartni-NOx-1g,2026-05-30 08:00:00,19.3,643,2026-05-30 13:19:20.312153
726,DsWrocBartni-NOx-1g,2026-05-30 07:00:00,11.7,643,2026-05-30 13:19:20.312153
727,DsWrocBartni-NOx-1g,2026-05-30 06:00:00,13.4,643,2026-05-30 13:19:20.312153
728,DsWrocBartni-NOx-1g,2026-05-30 05:00:00,12.0,643,2026-05-30 13:19:20.312153
729,DsWrocBartni-NOx-1g,2026-05-30 04:00:00,11.0,643,2026-05-30 13:19:20.312153
730,DsWrocBartni-NOx-1g,2026-05-30 03:00:00,23.9,643,2026-05-30 13:19:20.312153
731,DsWrocBartni-NOx-1g,2026-05-30 02:00:00,31.9,643,2026-05-30 13:19:20.312153
732,DsWrocBartni-NOx-1g,2026-05-30 01:00:00,39.6,643,2026-05-30 13:19:20.312153
733,DsWrocBartni-NOx-1g,2026-05-30 00:00:00,54.5,643,2026-05-30 13:19:20.312153
734,DsWrocBartni-NOx-1g,2026-05-29 23:00:00,46.5,643,2026-05-30 13:19:20.312153
735,DsWrocBartni-NOx-1g,2026-05-29 22:00:00,24.3,643,2026-05-30 13:19:20.312153
736,DsWrocBartni-NOx-1g,2026-05-29 21:00:00,14.3,643,2026-05-30 13:19:20.312153
737,DsWrocBartni-NOx-1g,2026-05-29 20:00:00,3.8,643,2026-05-30 13:19:20.312153
738,DsWrocBartni-NOx-1g,2026-05-29 19:00:00,2.9,643,2026-05-30 13:19:20.312153
739,DsWrocBartni-NOx-1g,2026-05-29 18:00:00,2.0,643,2026-05-30 13:19:20.312153
740,DsWrocBartni-O3-1g,2026-05-30 13:00:00,105.7,644,2026-05-30 13:19:20.341343
741,DsWrocBartni-O3-1g,2026-05-30 12:00:00,94.3,644,2026-05-30 13:19:20.341343
742,DsWrocBartni-O3-1g,2026-05-30 11:00:00,79.1,644,2026-05-30 13:19:20.341343
743,DsWrocBartni-O3-1g,2026-05-30 10:00:00,53.1,644,2026-05-30 13:19:20.341343
744,DsWrocBartni-O3-1g,2026-05-30 09:00:00,49.1,644,2026-05-30 13:19:20.341343
745,DsWrocBartni-O3-1g,2026-05-30 08:00:00,54.6,644,2026-05-30 13:19:20.341343
746,DsWrocBartni-O3-1g,2026-05-30 07:00:00,71.2,644,2026-05-30 13:19:20.341343
747,DsWrocBartni-O3-1g,2026-05-30 06:00:00,67.6,644,2026-05-30 13:19:20.341343
748,DsWrocBartni-O3-1g,2026-05-30 05:00:00,67.2,644,2026-05-30 13:19:20.341343
749,DsWrocBartni-O3-1g,2026-05-30 04:00:00,79.5,644,2026-05-30 13:19:20.341343
750,DsWrocBartni-O3-1g,2026-05-30 03:00:00,56.6,644,2026-05-30 13:19:20.341343
751,DsWrocBartni-O3-1g,2026-05-30 02:00:00,41.7,644,2026-05-30 13:19:20.341343
752,DsWrocBartni-O3-1g,2026-05-30 01:00:00,28.3,644,2026-05-30 13:19:20.341343
753,DsWrocBartni-O3-1g,2026-05-30 00:00:00,28.0,644,2026-05-30 13:19:20.341343
754,DsWrocBartni-O3-1g,2026-05-29 23:00:00,19.9,644,2026-05-30 13:19:20.341343
755,DsWrocBartni-O3-1g,2026-05-29 22:00:00,52.7,644,2026-05-30 13:19:20.341343
756,DsWrocBartni-O3-1g,2026-05-29 21:00:00,86.4,644,2026-05-30 13:19:20.341343
757,DsWrocBartni-O3-1g,2026-05-29 20:00:00,104.2,644,2026-05-30 13:19:20.341343
758,DsWrocBartni-O3-1g,2026-05-29 19:00:00,107.1,644,2026-05-30 13:19:20.341343
759,DsWrocBartni-O3-1g,2026-05-29 18:00:00,109.2,644,2026-05-30 13:19:20.341343
760,DsWrocWybCon-C6H6-1g,2026-05-30 13:00:00,0.08,658,2026-05-30 13:19:20.831357
761,DsWrocWybCon-C6H6-1g,2026-05-30 12:00:00,0.09,658,2026-05-30 13:19:20.831357
762,DsWrocWybCon-C6H6-1g,2026-05-30 11:00:00,0.17,658,2026-05-30 13:19:20.831357
763,DsWrocWybCon-C6H6-1g,2026-05-30 10:00:00,0.25,658,2026-05-30 13:19:20.831357
764,DsWrocWybCon-C6H6-1g,2026-05-30 09:00:00,0.19,658,2026-05-30 13:19:20.831357
765,DsWrocWybCon-C6H6-1g,2026-05-30 08:00:00,0.18,658,2026-05-30 13:19:20.831357
766,DsWrocWybCon-C6H6-1g,2026-05-30 07:00:00,0.14,658,2026-05-30 13:19:20.831357
767,DsWrocWybCon-C6H6-1g,2026-05-30 06:00:00,0.13,658,2026-05-30 13:19:20.831357
768,DsWrocWybCon-C6H6-1g,2026-05-30 05:00:00,0.12,658,2026-05-30 13:19:20.831357
769,DsWrocWybCon-C6H6-1g,2026-05-30 04:00:00,0.14,658,2026-05-30 13:19:20.831357
770,DsWrocWybCon-C6H6-1g,2026-05-30 03:00:00,0.18,658,2026-05-30 13:19:20.831357
771,DsWrocWybCon-C6H6-1g,2026-05-30 02:00:00,0.16,658,2026-05-30 13:19:20.831357
772,DsWrocWybCon-C6H6-1g,2026-05-30 01:00:00,0.23,658,2026-05-30 13:19:20.831357
773,DsWrocWybCon-C6H6-1g,2026-05-30 00:00:00,0.36,658,2026-05-30 13:19:20.831357
774,DsWrocWybCon-C6H6-1g,2026-05-29 23:00:00,0.41,658,2026-05-30 13:19:20.831357
775,DsWrocWybCon-C6H6-1g,2026-05-29 22:00:00,0.22,658,2026-05-30 13:19:20.831357
776,DsWrocWybCon-C6H6-1g,2026-05-29 21:00:00,0.08,658,2026-05-30 13:19:20.831357
777,DsWrocWybCon-C6H6-1g,2026-05-29 20:00:00,0.07,658,2026-05-30 13:19:20.831357
778,DsWrocWybCon-C6H6-1g,2026-05-29 19:00:00,0.06,658,2026-05-30 13:19:20.831357
779,DsWrocWybCon-C6H6-1g,2026-05-29 18:00:00,0.06,658,2026-05-30 13:19:20.831357
780,DsWrocWybCon-CO-1g,2026-05-30 13:00:00,418.0,660,2026-05-30 13:19:20.925394
781,DsWrocWybCon-CO-1g,2026-05-30 12:00:00,438.0,660,2026-05-30 13:19:20.925394
782,DsWrocWybCon-CO-1g,2026-05-30 11:00:00,462.0,660,2026-05-30 13:19:20.925394
783,DsWrocWybCon-CO-1g,2026-05-30 10:00:00,504.0,660,2026-05-30 13:19:20.925394
784,DsWrocWybCon-CO-1g,2026-05-30 09:00:00,485.0,660,2026-05-30 13:19:20.925394
785,DsWrocWybCon-CO-1g,2026-05-30 08:00:00,268.0,660,2026-05-30 13:19:20.925394
786,DsWrocWybCon-CO-1g,2026-05-30 07:00:00,256.0,660,2026-05-30 13:19:20.925394
787,DsWrocWybCon-CO-1g,2026-05-30 06:00:00,260.0,660,2026-05-30 13:19:20.925394
788,DsWrocWybCon-CO-1g,2026-05-30 05:00:00,216.0,660,2026-05-30 13:19:20.925394
789,DsWrocWybCon-CO-1g,2026-05-30 04:00:00,216.0,660,2026-05-30 13:19:20.925394
790,DsWrocWybCon-CO-1g,2026-05-30 03:00:00,241.0,660,2026-05-30 13:19:20.925394
791,DsWrocWybCon-CO-1g,2026-05-30 02:00:00,237.0,660,2026-05-30 13:19:20.925394
792,DsWrocWybCon-CO-1g,2026-05-30 01:00:00,261.0,660,2026-05-30 13:19:20.925394
793,DsWrocWybCon-CO-1g,2026-05-30 00:00:00,337.0,660,2026-05-30 13:19:20.925394
794,DsWrocWybCon-CO-1g,2026-05-29 23:00:00,391.0,660,2026-05-30 13:19:20.925394
795,DsWrocWybCon-CO-1g,2026-05-29 22:00:00,319.0,660,2026-05-30 13:19:20.925394
796,DsWrocWybCon-CO-1g,2026-05-29 21:00:00,207.0,660,2026-05-30 13:19:20.925394
797,DsWrocWybCon-CO-1g,2026-05-29 20:00:00,190.0,660,2026-05-30 13:19:20.925394
798,DsWrocWybCon-CO-1g,2026-05-29 19:00:00,195.0,660,2026-05-30 13:19:20.925394
799,DsWrocWybCon-CO-1g,2026-05-29 18:00:00,196.0,660,2026-05-30 13:19:20.925394
800,DsWrocWybCon-NO-1g,2026-05-30 13:00:00,0.8,664,2026-05-30 13:19:21.162837
801,DsWrocWybCon-NO-1g,2026-05-30 12:00:00,1.0,664,2026-05-30 13:19:21.162837
802,DsWrocWybCon-NO-1g,2026-05-30 11:00:00,1.3,664,2026-05-30 13:19:21.162837
803,DsWrocWybCon-NO-1g,2026-05-30 10:00:00,3.1,664,2026-05-30 13:19:21.162837
804,DsWrocWybCon-NO-1g,2026-05-30 09:00:00,2.6,664,2026-05-30 13:19:21.162837
805,DsWrocWybCon-NO-1g,2026-05-30 08:00:00,1.5,664,2026-05-30 13:19:21.162837
806,DsWrocWybCon-NO-1g,2026-05-30 07:00:00,1.2,664,2026-05-30 13:19:21.162837
807,DsWrocWybCon-NO-1g,2026-05-30 06:00:00,0.6,664,2026-05-30 13:19:21.162837
808,DsWrocWybCon-NO-1g,2026-05-30 05:00:00,0.4,664,2026-05-30 13:19:21.162837
809,DsWrocWybCon-NO-1g,2026-05-30 04:00:00,0.5,664,2026-05-30 13:19:21.162837
810,DsWrocWybCon-NO-1g,2026-05-30 03:00:00,0.4,664,2026-05-30 13:19:21.162837
811,DsWrocWybCon-NO-1g,2026-05-30 02:00:00,0.6,664,2026-05-30 13:19:21.162837
812,DsWrocWybCon-NO-1g,2026-05-30 01:00:00,,664,2026-05-30 13:19:21.162837
813,DsWrocWybCon-NO-1g,2026-05-30 00:00:00,,664,2026-05-30 13:19:21.162837
814,DsWrocWybCon-NO-1g,2026-05-29 23:00:00,,664,2026-05-30 13:19:21.162837
815,DsWrocWybCon-NO-1g,2026-05-29 22:00:00,,664,2026-05-30 13:19:21.162837
816,DsWrocWybCon-NO-1g,2026-05-29 21:00:00,,664,2026-05-30 13:19:21.162837
817,DsWrocWybCon-NO-1g,2026-05-29 20:00:00,,664,2026-05-30 13:19:21.162837
818,DsWrocWybCon-NO-1g,2026-05-29 19:00:00,,664,2026-05-30 13:19:21.162837
819,DsWrocWybCon-NO-1g,2026-05-29 18:00:00,,664,2026-05-30 13:19:21.162837
820,DsWrocWybCon-NO2-1g,2026-05-30 13:00:00,6.2,665,2026-05-30 13:19:21.192029
821,DsWrocWybCon-NO2-1g,2026-05-30 12:00:00,6.8,665,2026-05-30 13:19:21.192029
822,DsWrocWybCon-NO2-1g,2026-05-30 11:00:00,9.7,665,2026-05-30 13:19:21.192029
823,DsWrocWybCon-NO2-1g,2026-05-30 10:00:00,20.1,665,2026-05-30 13:19:21.192029
824,DsWrocWybCon-NO2-1g,2026-05-30 09:00:00,25.7,665,2026-05-30 13:19:21.192029
825,DsWrocWybCon-NO2-1g,2026-05-30 08:00:00,24.0,665,2026-05-30 13:19:21.192029
826,DsWrocWybCon-NO2-1g,2026-05-30 07:00:00,19.5,665,2026-05-30 13:19:21.192029
827,DsWrocWybCon-NO2-1g,2026-05-30 06:00:00,14.1,665,2026-05-30 13:19:21.192029
828,DsWrocWybCon-NO2-1g,2026-05-30 05:00:00,11.8,665,2026-05-30 13:19:21.192029
829,DsWrocWybCon-NO2-1g,2026-05-30 04:00:00,8.4,665,2026-05-30 13:19:21.192029
830,DsWrocWybCon-NO2-1g,2026-05-30 03:00:00,11.3,665,2026-05-30 13:19:21.192029
831,DsWrocWybCon-NO2-1g,2026-05-30 02:00:00,13.8,665,2026-05-30 13:19:21.192029
832,DsWrocWybCon-NO2-1g,2026-05-30 01:00:00,,665,2026-05-30 13:19:21.192029
833,DsWrocWybCon-NO2-1g,2026-05-30 00:00:00,,665,2026-05-30 13:19:21.192029
834,DsWrocWybCon-NO2-1g,2026-05-29 23:00:00,,665,2026-05-30 13:19:21.192029
835,DsWrocWybCon-NO2-1g,2026-05-29 22:00:00,,665,2026-05-30 13:19:21.192029
836,DsWrocWybCon-NO2-1g,2026-05-29 21:00:00,,665,2026-05-30 13:19:21.192029
837,DsWrocWybCon-NO2-1g,2026-05-29 20:00:00,,665,2026-05-30 13:19:21.192029
838,DsWrocWybCon-NO2-1g,2026-05-29 19:00:00,,665,2026-05-30 13:19:21.192029
839,DsWrocWybCon-NO2-1g,2026-05-29 18:00:00,,665,2026-05-30 13:19:21.192029
840,DsWrocWybCon-NOx-1g,2026-05-30 13:00:00,7.4,666,2026-05-30 13:19:21.223121
841,DsWrocWybCon-NOx-1g,2026-05-30 12:00:00,8.3,666,2026-05-30 13:19:21.223121
842,DsWrocWybCon-NOx-1g,2026-05-30 11:00:00,11.6,666,2026-05-30 13:19:21.223121
843,DsWrocWybCon-NOx-1g,2026-05-30 10:00:00,24.9,666,2026-05-30 13:19:21.223121
844,DsWrocWybCon-NOx-1g,2026-05-30 09:00:00,29.7,666,2026-05-30 13:19:21.223121
845,DsWrocWybCon-NOx-1g,2026-05-30 08:00:00,26.3,666,2026-05-30 13:19:21.223121
846,DsWrocWybCon-NOx-1g,2026-05-30 07:00:00,21.4,666,2026-05-30 13:19:21.223121
847,DsWrocWybCon-NOx-1g,2026-05-30 06:00:00,15.0,666,2026-05-30 13:19:21.223121
848,DsWrocWybCon-NOx-1g,2026-05-30 05:00:00,12.5,666,2026-05-30 13:19:21.223121
849,DsWrocWybCon-NOx-1g,2026-05-30 04:00:00,9.2,666,2026-05-30 13:19:21.223121
850,DsWrocWybCon-NOx-1g,2026-05-30 03:00:00,11.9,666,2026-05-30 13:19:21.223121
851,DsWrocWybCon-NOx-1g,2026-05-30 02:00:00,14.7,666,2026-05-30 13:19:21.223121
852,DsWrocWybCon-NOx-1g,2026-05-30 01:00:00,,666,2026-05-30 13:19:21.223121
853,DsWrocWybCon-NOx-1g,2026-05-30 00:00:00,,666,2026-05-30 13:19:21.223121
854,DsWrocWybCon-NOx-1g,2026-05-29 23:00:00,,666,2026-05-30 13:19:21.223121
855,DsWrocWybCon-NOx-1g,2026-05-29 22:00:00,,666,2026-05-30 13:19:21.223121
856,DsWrocWybCon-NOx-1g,2026-05-29 21:00:00,,666,2026-05-30 13:19:21.223121
857,DsWrocWybCon-NOx-1g,2026-05-29 20:00:00,,666,2026-05-30 13:19:21.223121
858,DsWrocWybCon-NOx-1g,2026-05-29 19:00:00,,666,2026-05-30 13:19:21.223121
859,DsWrocWybCon-NOx-1g,2026-05-29 18:00:00,,666,2026-05-30 13:19:21.223121
860,DsWrocWybCon-O3-1g,2026-05-30 13:00:00,104.6,667,2026-05-30 13:19:21.257209
861,DsWrocWybCon-O3-1g,2026-05-30 12:00:00,96.6,667,2026-05-30 13:19:21.257209
862,DsWrocWybCon-O3-1g,2026-05-30 11:00:00,83.2,667,2026-05-30 13:19:21.257209
863,DsWrocWybCon-O3-1g,2026-05-30 10:00:00,62.6,667,2026-05-30 13:19:21.257209
864,DsWrocWybCon-O3-1g,2026-05-30 09:00:00,49.6,667,2026-05-30 13:19:21.257209
865,DsWrocWybCon-O3-1g,2026-05-30 08:00:00,48.7,667,2026-05-30 13:19:21.257209
866,DsWrocWybCon-O3-1g,2026-05-30 07:00:00,50.8,667,2026-05-30 13:19:21.257209
867,DsWrocWybCon-O3-1g,2026-05-30 06:00:00,61.7,667,2026-05-30 13:19:21.257209
868,DsWrocWybCon-O3-1g,2026-05-30 05:00:00,76.8,667,2026-05-30 13:19:21.257209
869,DsWrocWybCon-O3-1g,2026-05-30 04:00:00,81.2,667,2026-05-30 13:19:21.257209
870,DsWrocWybCon-O3-1g,2026-05-30 03:00:00,74.1,667,2026-05-30 13:19:21.257209
871,DsWrocWybCon-O3-1g,2026-05-30 02:00:00,77.0,667,2026-05-30 13:19:21.257209
872,DsWrocWybCon-O3-1g,2026-05-30 01:00:00,77.8,667,2026-05-30 13:19:21.257209
873,DsWrocWybCon-O3-1g,2026-05-30 00:00:00,53.9,667,2026-05-30 13:19:21.257209
874,DsWrocWybCon-O3-1g,2026-05-29 23:00:00,38.1,667,2026-05-30 13:19:21.257209
875,DsWrocWybCon-O3-1g,2026-05-29 22:00:00,57.6,667,2026-05-30 13:19:21.257209
876,DsWrocWybCon-O3-1g,2026-05-29 21:00:00,86.4,667,2026-05-30 13:19:21.257209
877,DsWrocWybCon-O3-1g,2026-05-29 20:00:00,95.3,667,2026-05-30 13:19:21.257209
878,DsWrocWybCon-O3-1g,2026-05-29 19:00:00,99.4,667,2026-05-30 13:19:21.257209
879,DsWrocWybCon-O3-1g,2026-05-29 18:00:00,101.0,667,2026-05-30 13:19:21.257209
880,DsWrocWybCon-PM2.5-1g,2026-05-30 13:00:00,12.9,670,2026-05-30 13:19:21.409750
881,DsWrocWybCon-PM2.5-1g,2026-05-30 12:00:00,12.9,670,2026-05-30 13:19:21.409750
882,DsWrocWybCon-PM2.5-1g,2026-05-30 11:00:00,12.3,670,2026-05-30 13:19:21.409750
883,DsWrocWybCon-PM2.5-1g,2026-05-30 10:00:00,12.5,670,2026-05-30 13:19:21.409750
884,DsWrocWybCon-PM2.5-1g,2026-05-30 09:00:00,12.0,670,2026-05-30 13:19:21.409750
885,DsWrocWybCon-PM2.5-1g,2026-05-30 08:00:00,12.6,670,2026-05-30 13:19:21.409750
886,DsWrocWybCon-PM2.5-1g,2026-05-30 07:00:00,12.0,670,2026-05-30 13:19:21.409750
887,DsWrocWybCon-PM2.5-1g,2026-05-30 06:00:00,12.4,670,2026-05-30 13:19:21.409750
888,DsWrocWybCon-PM2.5-1g,2026-05-30 05:00:00,11.6,670,2026-05-30 13:19:21.409750
889,DsWrocWybCon-PM2.5-1g,2026-05-30 04:00:00,11.6,670,2026-05-30 13:19:21.409750
890,DsWrocWybCon-PM2.5-1g,2026-05-30 03:00:00,11.7,670,2026-05-30 13:19:21.409750
891,DsWrocWybCon-PM2.5-1g,2026-05-30 02:00:00,11.8,670,2026-05-30 13:19:21.409750
892,DsWrocWybCon-PM2.5-1g,2026-05-30 01:00:00,11.9,670,2026-05-30 13:19:21.409750
893,DsWrocWybCon-PM2.5-1g,2026-05-30 00:00:00,14.7,670,2026-05-30 13:19:21.409750
894,DsWrocWybCon-PM2.5-1g,2026-05-29 23:00:00,15.6,670,2026-05-30 13:19:21.409750
895,DsWrocWybCon-PM2.5-1g,2026-05-29 22:00:00,13.2,670,2026-05-30 13:19:21.409750
896,DsWrocWybCon-PM2.5-1g,2026-05-29 21:00:00,10.7,670,2026-05-30 13:19:21.409750
897,DsWrocWybCon-PM2.5-1g,2026-05-29 20:00:00,9.7,670,2026-05-30 13:19:21.409750
898,DsWrocWybCon-PM2.5-1g,2026-05-29 19:00:00,9.0,670,2026-05-30 13:19:21.409750
899,DsWrocWybCon-PM2.5-1g,2026-05-29 18:00:00,9.2,670,2026-05-30 13:19:21.409750
900,DsWrocWybCon-SO2-1g,2026-05-30 13:00:00,9.7,672,2026-05-30 13:19:21.443055
901,DsWrocWybCon-SO2-1g,2026-05-30 12:00:00,8.8,672,2026-05-30 13:19:21.443055
902,DsWrocWybCon-SO2-1g,2026-05-30 11:00:00,8.0,672,2026-05-30 13:19:21.443055
903,DsWrocWybCon-SO2-1g,2026-05-30 10:00:00,5.8,672,2026-05-30 13:19:21.443055
904,DsWrocWybCon-SO2-1g,2026-05-30 09:00:00,5.8,672,2026-05-30 13:19:21.443055
905,DsWrocWybCon-SO2-1g,2026-05-30 08:00:00,6.5,672,2026-05-30 13:19:21.443055
906,DsWrocWybCon-SO2-1g,2026-05-30 07:00:00,6.4,672,2026-05-30 13:19:21.443055
907,DsWrocWybCon-SO2-1g,2026-05-30 06:00:00,7.4,672,2026-05-30 13:19:21.443055
908,DsWrocWybCon-SO2-1g,2026-05-30 05:00:00,7.7,672,2026-05-30 13:19:21.443055
909,DsWrocWybCon-SO2-1g,2026-05-30 04:00:00,7.4,672,2026-05-30 13:19:21.443055
910,DsWrocWybCon-SO2-1g,2026-05-30 03:00:00,7.3,672,2026-05-30 13:19:21.443055
911,DsWrocWybCon-SO2-1g,2026-05-30 02:00:00,6.9,672,2026-05-30 13:19:21.443055
912,DsWrocWybCon-SO2-1g,2026-05-30 01:00:00,8.2,672,2026-05-30 13:19:21.443055
913,DsWrocWybCon-SO2-1g,2026-05-30 00:00:00,7.9,672,2026-05-30 13:19:21.443055
914,DsWrocWybCon-SO2-1g,2026-05-29 23:00:00,8.4,672,2026-05-30 13:19:21.443055
915,DsWrocWybCon-SO2-1g,2026-05-29 22:00:00,8.0,672,2026-05-30 13:19:21.443055
916,DsWrocWybCon-SO2-1g,2026-05-29 21:00:00,8.9,672,2026-05-30 13:19:21.443055
917,DsWrocWybCon-SO2-1g,2026-05-29 20:00:00,9.4,672,2026-05-30 13:19:21.443055
918,DsWrocWybCon-SO2-1g,2026-05-29 19:00:00,8.9,672,2026-05-30 13:19:21.443055
919,DsWrocWybCon-SO2-1g,2026-05-29 18:00:00,8.9,672,2026-05-30 13:19:21.443055
920,DsWrocAlWisn-CO-1g,2026-05-30 13:00:00,395.0,737,2026-05-30 13:19:21.582935
921,DsWrocAlWisn-CO-1g,2026-05-30 12:00:00,446.0,737,2026-05-30 13:19:21.582935
922,DsWrocAlWisn-CO-1g,2026-05-30 11:00:00,465.0,737,2026-05-30 13:19:21.582935
923,DsWrocAlWisn-CO-1g,2026-05-30 10:00:00,477.0,737,2026-05-30 13:19:21.582935
924,DsWrocAlWisn-CO-1g,2026-05-30 09:00:00,560.0,737,2026-05-30 13:19:21.582935
925,DsWrocAlWisn-CO-1g,2026-05-30 08:00:00,439.0,737,2026-05-30 13:19:21.582935
926,DsWrocAlWisn-CO-1g,2026-05-30 07:00:00,454.0,737,2026-05-30 13:19:21.582935
927,DsWrocAlWisn-CO-1g,2026-05-30 06:00:00,374.0,737,2026-05-30 13:19:21.582935
928,DsWrocAlWisn-CO-1g,2026-05-30 05:00:00,293.0,737,2026-05-30 13:19:21.582935
929,DsWrocAlWisn-CO-1g,2026-05-30 04:00:00,279.0,737,2026-05-30 13:19:21.582935
930,DsWrocAlWisn-CO-1g,2026-05-30 03:00:00,313.0,737,2026-05-30 13:19:21.582935
931,DsWrocAlWisn-CO-1g,2026-05-30 02:00:00,315.0,737,2026-05-30 13:19:21.582935
932,DsWrocAlWisn-CO-1g,2026-05-30 01:00:00,328.0,737,2026-05-30 13:19:21.582935
933,DsWrocAlWisn-CO-1g,2026-05-30 00:00:00,391.0,737,2026-05-30 13:19:21.582935
934,DsWrocAlWisn-CO-1g,2026-05-29 23:00:00,482.0,737,2026-05-30 13:19:21.582935
935,DsWrocAlWisn-CO-1g,2026-05-29 22:00:00,692.0,737,2026-05-30 13:19:21.582935
936,DsWrocAlWisn-CO-1g,2026-05-29 21:00:00,471.0,737,2026-05-30 13:19:21.582935
937,DsWrocAlWisn-CO-1g,2026-05-29 20:00:00,324.0,737,2026-05-30 13:19:21.582935
938,DsWrocAlWisn-CO-1g,2026-05-29 19:00:00,340.0,737,2026-05-30 13:19:21.582935
939,DsWrocAlWisn-CO-1g,2026-05-29 18:00:00,294.0,737,2026-05-30 13:19:21.582935
940,DsWrocAlWisn-NO-1g,2026-05-30 13:00:00,10.9,739,2026-05-30 13:19:21.613130
941,DsWrocAlWisn-NO-1g,2026-05-30 12:00:00,13.6,739,2026-05-30 13:19:21.613130
942,DsWrocAlWisn-NO-1g,2026-05-30 11:00:00,21.5,739,2026-05-30 13:19:21.613130
943,DsWrocAlWisn-NO-1g,2026-05-30 10:00:00,25.5,739,2026-05-30 13:19:21.613130
944,DsWrocAlWisn-NO-1g,2026-05-30 09:00:00,34.6,739,2026-05-30 13:19:21.613130
945,DsWrocAlWisn-NO-1g,2026-05-30 08:00:00,19.1,739,2026-05-30 13:19:21.613130
946,DsWrocAlWisn-NO-1g,2026-05-30 07:00:00,39.1,739,2026-05-30 13:19:21.613130
947,DsWrocAlWisn-NO-1g,2026-05-30 06:00:00,24.4,739,2026-05-30 13:19:21.613130
948,DsWrocAlWisn-NO-1g,2026-05-30 05:00:00,7.3,739,2026-05-30 13:19:21.613130
949,DsWrocAlWisn-NO-1g,2026-05-30 04:00:00,3.9,739,2026-05-30 13:19:21.613130
950,DsWrocAlWisn-NO-1g,2026-05-30 03:00:00,3.6,739,2026-05-30 13:19:21.613130
951,DsWrocAlWisn-NO-1g,2026-05-30 02:00:00,5.5,739,2026-05-30 13:19:21.613130
952,DsWrocAlWisn-NO-1g,2026-05-30 01:00:00,6.1,739,2026-05-30 13:19:21.613130
953,DsWrocAlWisn-NO-1g,2026-05-30 00:00:00,8.1,739,2026-05-30 13:19:21.613130
954,DsWrocAlWisn-NO-1g,2026-05-29 23:00:00,20.8,739,2026-05-30 13:19:21.613130
955,DsWrocAlWisn-NO-1g,2026-05-29 22:00:00,53.4,739,2026-05-30 13:19:21.613130
956,DsWrocAlWisn-NO-1g,2026-05-29 21:00:00,33.1,739,2026-05-30 13:19:21.613130
957,DsWrocAlWisn-NO-1g,2026-05-29 20:00:00,17.7,739,2026-05-30 13:19:21.613130
958,DsWrocAlWisn-NO-1g,2026-05-29 19:00:00,20.9,739,2026-05-30 13:19:21.613130
959,DsWrocAlWisn-NO-1g,2026-05-29 18:00:00,17.1,739,2026-05-30 13:19:21.613130
960,DsWrocAlWisn-NO2-1g,2026-05-30 13:00:00,19.3,740,2026-05-30 13:19:21.645710
961,DsWrocAlWisn-NO2-1g,2026-05-30 12:00:00,22.2,740,2026-05-30 13:19:21.645710
962,DsWrocAlWisn-NO2-1g,2026-05-30 11:00:00,28.6,740,2026-05-30 13:19:21.645710
963,DsWrocAlWisn-NO2-1g,2026-05-30 10:00:00,36.7,740,2026-05-30 13:19:21.645710
964,DsWrocAlWisn-NO2-1g,2026-05-30 09:00:00,41.7,740,2026-05-30 13:19:21.645710
965,DsWrocAlWisn-NO2-1g,2026-05-30 08:00:00,37.7,740,2026-05-30 13:19:21.645710
966,DsWrocAlWisn-NO2-1g,2026-05-30 07:00:00,50.8,740,2026-05-30 13:19:21.645710
967,DsWrocAlWisn-NO2-1g,2026-05-30 06:00:00,45.7,740,2026-05-30 13:19:21.645710
968,DsWrocAlWisn-NO2-1g,2026-05-30 05:00:00,19.9,740,2026-05-30 13:19:21.645710
969,DsWrocAlWisn-NO2-1g,2026-05-30 04:00:00,14.9,740,2026-05-30 13:19:21.645710
970,DsWrocAlWisn-NO2-1g,2026-05-30 03:00:00,20.9,740,2026-05-30 13:19:21.645710
971,DsWrocAlWisn-NO2-1g,2026-05-30 02:00:00,26.8,740,2026-05-30 13:19:21.645710
972,DsWrocAlWisn-NO2-1g,2026-05-30 01:00:00,26.7,740,2026-05-30 13:19:21.645710
973,DsWrocAlWisn-NO2-1g,2026-05-30 00:00:00,34.8,740,2026-05-30 13:19:21.645710
974,DsWrocAlWisn-NO2-1g,2026-05-29 23:00:00,50.9,740,2026-05-30 13:19:21.645710
975,DsWrocAlWisn-NO2-1g,2026-05-29 22:00:00,87.6,740,2026-05-30 13:19:21.645710
976,DsWrocAlWisn-NO2-1g,2026-05-29 21:00:00,63.1,740,2026-05-30 13:19:21.645710
977,DsWrocAlWisn-NO2-1g,2026-05-29 20:00:00,38.9,740,2026-05-30 13:19:21.645710
978,DsWrocAlWisn-NO2-1g,2026-05-29 19:00:00,37.9,740,2026-05-30 13:19:21.645710
979,DsWrocAlWisn-NO2-1g,2026-05-29 18:00:00,28.9,740,2026-05-30 13:19:21.645710
980,DsWrocAlWisn-NOx-1g,2026-05-30 13:00:00,35.9,741,2026-05-30 13:19:21.680490
981,DsWrocAlWisn-NOx-1g,2026-05-30 12:00:00,42.9,741,2026-05-30 13:19:21.680490
982,DsWrocAlWisn-NOx-1g,2026-05-30 11:00:00,61.6,741,2026-05-30 13:19:21.680490
983,DsWrocAlWisn-NOx-1g,2026-05-30 10:00:00,75.8,741,2026-05-30 13:19:21.680490
984,DsWrocAlWisn-NOx-1g,2026-05-30 09:00:00,94.6,741,2026-05-30 13:19:21.680490
985,DsWrocAlWisn-NOx-1g,2026-05-30 08:00:00,67.3,741,2026-05-30 13:19:21.680490
986,DsWrocAlWisn-NOx-1g,2026-05-30 07:00:00,110.8,741,2026-05-30 13:19:21.680490
987,DsWrocAlWisn-NOx-1g,2026-05-30 06:00:00,83.1,741,2026-05-30 13:19:21.680490
988,DsWrocAlWisn-NOx-1g,2026-05-30 05:00:00,31.1,741,2026-05-30 13:19:21.680490
989,DsWrocAlWisn-NOx-1g,2026-05-30 04:00:00,20.9,741,2026-05-30 13:19:21.680490
990,DsWrocAlWisn-NOx-1g,2026-05-30 03:00:00,26.5,741,2026-05-30 13:19:21.680490
991,DsWrocAlWisn-NOx-1g,2026-05-30 02:00:00,35.3,741,2026-05-30 13:19:21.680490
992,DsWrocAlWisn-NOx-1g,2026-05-30 01:00:00,35.9,741,2026-05-30 13:19:21.680490
993,DsWrocAlWisn-NOx-1g,2026-05-30 00:00:00,47.3,741,2026-05-30 13:19:21.680490
994,DsWrocAlWisn-NOx-1g,2026-05-29 23:00:00,82.8,741,2026-05-30 13:19:21.680490
995,DsWrocAlWisn-NOx-1g,2026-05-29 22:00:00,169.5,741,2026-05-30 13:19:21.680490
996,DsWrocAlWisn-NOx-1g,2026-05-29 21:00:00,113.8,741,2026-05-30 13:19:21.680490
997,DsWrocAlWisn-NOx-1g,2026-05-29 20:00:00,66.1,741,2026-05-30 13:19:21.680490
998,DsWrocAlWisn-NOx-1g,2026-05-29 19:00:00,69.9,741,2026-05-30 13:19:21.680490
999,DsWrocAlWisn-NOx-1g,2026-05-29 18:00:00,55.2,741,2026-05-30 13:19:21.680490
1000,DsWrocAlWisn-PM2.5-1g,2026-05-30 13:00:00,,744,2026-05-30 13:19:21.719633
1001,DsWrocAlWisn-PM2.5-1g,2026-05-30 12:00:00,11.8,744,2026-05-30 13:19:21.719633
1002,DsWrocAlWisn-PM2.5-1g,2026-05-30 11:00:00,11.2,744,2026-05-30 13:19:21.719633
1003,DsWrocAlWisn-PM2.5-1g,2026-05-30 10:00:00,7.3,744,2026-05-30 13:19:21.719633
1004,DsWrocAlWisn-PM2.5-1g,2026-05-30 09:00:00,10.2,744,2026-05-30 13:19:21.719633
1005,DsWrocAlWisn-PM2.5-1g,2026-05-30 08:00:00,15.2,744,2026-05-30 13:19:21.719633
1006,DsWrocAlWisn-PM2.5-1g,2026-05-30 07:00:00,14.9,744,2026-05-30 13:19:21.719633
1007,DsWrocAlWisn-PM2.5-1g,2026-05-30 06:00:00,15.8,744,2026-05-30 13:19:21.719633
1008,DsWrocAlWisn-PM2.5-1g,2026-05-30 05:00:00,18.8,744,2026-05-30 13:19:21.719633
1009,DsWrocAlWisn-PM2.5-1g,2026-05-30 04:00:00,12.4,744,2026-05-30 13:19:21.719633
1010,DsWrocAlWisn-PM2.5-1g,2026-05-30 03:00:00,16.4,744,2026-05-30 13:19:21.719633
1011,DsWrocAlWisn-PM2.5-1g,2026-05-30 02:00:00,10.6,744,2026-05-30 13:19:21.719633
1012,DsWrocAlWisn-PM2.5-1g,2026-05-30 01:00:00,9.3,744,2026-05-30 13:19:21.719633
1013,DsWrocAlWisn-PM2.5-1g,2026-05-30 00:00:00,15.1,744,2026-05-30 13:19:21.719633
1014,DsWrocAlWisn-PM2.5-1g,2026-05-29 23:00:00,19.8,744,2026-05-30 13:19:21.719633
1015,DsWrocAlWisn-PM2.5-1g,2026-05-29 22:00:00,21.2,744,2026-05-30 13:19:21.719633
1016,DsWrocAlWisn-PM2.5-1g,2026-05-29 21:00:00,14.8,744,2026-05-30 13:19:21.719633
1017,DsWrocAlWisn-PM2.5-1g,2026-05-29 20:00:00,11.1,744,2026-05-30 13:19:21.719633
1018,DsWrocAlWisn-PM2.5-1g,2026-05-29 19:00:00,6.2,744,2026-05-30 13:19:21.719633
1019,DsWrocAlWisn-PM2.5-1g,2026-05-29 18:00:00,5.4,744,2026-05-30 13:19:21.719633
1020,KpGrudPilsud-NO-1g,2026-05-30 13:00:00,2.4,808,2026-05-30 13:19:21.910171
1021,KpGrudPilsud-NO-1g,2026-05-30 12:00:00,5.9,808,2026-05-30 13:19:21.910171
1022,KpGrudPilsud-NO-1g,2026-05-30 11:00:00,8.0,808,2026-05-30 13:19:21.910171
1023,KpGrudPilsud-NO-1g,2026-05-30 10:00:00,13.3,808,2026-05-30 13:19:21.910171
1024,KpGrudPilsud-NO-1g,2026-05-30 09:00:00,10.7,808,2026-05-30 13:19:21.910171
1025,KpGrudPilsud-NO-1g,2026-05-30 08:00:00,7.6,808,2026-05-30 13:19:21.910171
1026,KpGrudPilsud-NO-1g,2026-05-30 07:00:00,5.6,808,2026-05-30 13:19:21.910171
1027,KpGrudPilsud-NO-1g,2026-05-30 06:00:00,9.2,808,2026-05-30 13:19:21.910171
1028,KpGrudPilsud-NO-1g,2026-05-30 05:00:00,4.6,808,2026-05-30 13:19:21.910171
1029,KpGrudPilsud-NO-1g,2026-05-30 04:00:00,4.3,808,2026-05-30 13:19:21.910171
1030,KpGrudPilsud-NO-1g,2026-05-30 03:00:00,3.2,808,2026-05-30 13:19:21.910171
1031,KpGrudPilsud-NO-1g,2026-05-30 02:00:00,10.6,808,2026-05-30 13:19:21.910171
1032,KpGrudPilsud-NO-1g,2026-05-30 01:00:00,4.7,808,2026-05-30 13:19:21.910171
1033,KpGrudPilsud-NO-1g,2026-05-30 00:00:00,4.2,808,2026-05-30 13:19:21.910171
1034,KpGrudPilsud-NO-1g,2026-05-29 23:00:00,0.7,808,2026-05-30 13:19:21.910171
1035,KpGrudPilsud-NO-1g,2026-05-29 22:00:00,0.6,808,2026-05-30 13:19:21.910171
1036,KpGrudPilsud-NO-1g,2026-05-29 21:00:00,0.4,808,2026-05-30 13:19:21.910171
1037,KpGrudPilsud-NO-1g,2026-05-29 20:00:00,0.1,808,2026-05-30 13:19:21.910171
1038,KpGrudPilsud-NO-1g,2026-05-29 19:00:00,0.4,808,2026-05-30 13:19:21.910171
1039,KpGrudPilsud-NO-1g,2026-05-29 18:00:00,0.3,808,2026-05-30 13:19:21.910171
1040,KpGrudPilsud-NO2-1g,2026-05-30 13:00:00,4.8,809,2026-05-30 13:19:21.959143
1041,KpGrudPilsud-NO2-1g,2026-05-30 12:00:00,10.6,809,2026-05-30 13:19:21.959143
1042,KpGrudPilsud-NO2-1g,2026-05-30 11:00:00,13.5,809,2026-05-30 13:19:21.959143
1043,KpGrudPilsud-NO2-1g,2026-05-30 10:00:00,20.0,809,2026-05-30 13:19:21.959143
1044,KpGrudPilsud-NO2-1g,2026-05-30 09:00:00,21.5,809,2026-05-30 13:19:21.959143
1045,KpGrudPilsud-NO2-1g,2026-05-30 08:00:00,17.7,809,2026-05-30 13:19:21.959143
1046,KpGrudPilsud-NO2-1g,2026-05-30 07:00:00,16.5,809,2026-05-30 13:19:21.959143
1047,KpGrudPilsud-NO2-1g,2026-05-30 06:00:00,23.5,809,2026-05-30 13:19:21.959143
1048,KpGrudPilsud-NO2-1g,2026-05-30 05:00:00,22.6,809,2026-05-30 13:19:21.959143
1049,KpGrudPilsud-NO2-1g,2026-05-30 04:00:00,22.5,809,2026-05-30 13:19:21.959143
1050,KpGrudPilsud-NO2-1g,2026-05-30 03:00:00,26.7,809,2026-05-30 13:19:21.959143
1051,KpGrudPilsud-NO2-1g,2026-05-30 02:00:00,32.7,809,2026-05-30 13:19:21.959143
1052,KpGrudPilsud-NO2-1g,2026-05-30 01:00:00,33.1,809,2026-05-30 13:19:21.959143
1053,KpGrudPilsud-NO2-1g,2026-05-30 00:00:00,22.2,809,2026-05-30 13:19:21.959143
1054,KpGrudPilsud-NO2-1g,2026-05-29 23:00:00,10.6,809,2026-05-30 13:19:21.959143
1055,KpGrudPilsud-NO2-1g,2026-05-29 22:00:00,10.4,809,2026-05-30 13:19:21.959143
1056,KpGrudPilsud-NO2-1g,2026-05-29 21:00:00,4.3,809,2026-05-30 13:19:21.959143
1057,KpGrudPilsud-NO2-1g,2026-05-29 20:00:00,2.8,809,2026-05-30 13:19:21.959143
1058,KpGrudPilsud-NO2-1g,2026-05-29 19:00:00,2.5,809,2026-05-30 13:19:21.959143
1059,KpGrudPilsud-NO2-1g,2026-05-29 18:00:00,2.7,809,2026-05-30 13:19:21.959143
1060,KpGrudPilsud-NOx-1g,2026-05-30 13:00:00,8.5,810,2026-05-30 13:19:21.990709
1061,KpGrudPilsud-NOx-1g,2026-05-30 12:00:00,19.7,810,2026-05-30 13:19:21.990709
1062,KpGrudPilsud-NOx-1g,2026-05-30 11:00:00,25.8,810,2026-05-30 13:19:21.990709
1063,KpGrudPilsud-NOx-1g,2026-05-30 10:00:00,40.5,810,2026-05-30 13:19:21.990709
1064,KpGrudPilsud-NOx-1g,2026-05-30 09:00:00,38.0,810,2026-05-30 13:19:21.990709
1065,KpGrudPilsud-NOx-1g,2026-05-30 08:00:00,29.3,810,2026-05-30 13:19:21.990709
1066,KpGrudPilsud-NOx-1g,2026-05-30 07:00:00,25.1,810,2026-05-30 13:19:21.990709
1067,KpGrudPilsud-NOx-1g,2026-05-30 06:00:00,37.5,810,2026-05-30 13:19:21.990709
1068,KpGrudPilsud-NOx-1g,2026-05-30 05:00:00,29.6,810,2026-05-30 13:19:21.990709
1069,KpGrudPilsud-NOx-1g,2026-05-30 04:00:00,29.1,810,2026-05-30 13:19:21.990709
1070,KpGrudPilsud-NOx-1g,2026-05-30 03:00:00,31.7,810,2026-05-30 13:19:21.990709
1071,KpGrudPilsud-NOx-1g,2026-05-30 02:00:00,49.0,810,2026-05-30 13:19:21.990709
1072,KpGrudPilsud-NOx-1g,2026-05-30 01:00:00,40.4,810,2026-05-30 13:19:21.990709
1073,KpGrudPilsud-NOx-1g,2026-05-30 00:00:00,28.6,810,2026-05-30 13:19:21.990709
1074,KpGrudPilsud-NOx-1g,2026-05-29 23:00:00,11.7,810,2026-05-30 13:19:21.990709
1075,KpGrudPilsud-NOx-1g,2026-05-29 22:00:00,11.3,810,2026-05-30 13:19:21.990709
1076,KpGrudPilsud-NOx-1g,2026-05-29 21:00:00,4.9,810,2026-05-30 13:19:21.990709
1077,KpGrudPilsud-NOx-1g,2026-05-29 20:00:00,3.0,810,2026-05-30 13:19:21.990709
1078,KpGrudPilsud-NOx-1g,2026-05-29 19:00:00,3.2,810,2026-05-30 13:19:21.990709
1079,KpGrudPilsud-NOx-1g,2026-05-29 18:00:00,3.2,810,2026-05-30 13:19:21.990709
1080,KpGrudPilsud-PM10-1g,2026-05-30 13:00:00,32.6,812,2026-05-30 13:19:22.022657
1081,KpGrudPilsud-PM10-1g,2026-05-30 12:00:00,30.8,812,2026-05-30 13:19:22.022657
1082,KpGrudPilsud-PM10-1g,2026-05-30 11:00:00,31.6,812,2026-05-30 13:19:22.022657
1083,KpGrudPilsud-PM10-1g,2026-05-30 10:00:00,28.8,812,2026-05-30 13:19:22.022657
1084,KpGrudPilsud-PM10-1g,2026-05-30 09:00:00,31.2,812,2026-05-30 13:19:22.022657
1085,KpGrudPilsud-PM10-1g,2026-05-30 08:00:00,24.8,812,2026-05-30 13:19:22.022657
1086,KpGrudPilsud-PM10-1g,2026-05-30 07:00:00,31.0,812,2026-05-30 13:19:22.022657
1087,KpGrudPilsud-PM10-1g,2026-05-30 06:00:00,31.4,812,2026-05-30 13:19:22.022657
1088,KpGrudPilsud-PM10-1g,2026-05-30 05:00:00,28.6,812,2026-05-30 13:19:22.022657
1089,KpGrudPilsud-PM10-1g,2026-05-30 04:00:00,44.0,812,2026-05-30 13:19:22.022657
1090,KpGrudPilsud-PM10-1g,2026-05-30 03:00:00,49.6,812,2026-05-30 13:19:22.022657
1091,KpGrudPilsud-PM10-1g,2026-05-30 02:00:00,52.4,812,2026-05-30 13:19:22.022657
1092,KpGrudPilsud-PM10-1g,2026-05-30 01:00:00,41.1,812,2026-05-30 13:19:22.022657
1093,KpGrudPilsud-PM10-1g,2026-05-30 00:00:00,20.4,812,2026-05-30 13:19:22.022657
1094,KpGrudPilsud-PM10-1g,2026-05-29 23:00:00,16.8,812,2026-05-30 13:19:22.022657
1095,KpGrudPilsud-PM10-1g,2026-05-29 22:00:00,13.8,812,2026-05-30 13:19:22.022657
1096,KpGrudPilsud-PM10-1g,2026-05-29 21:00:00,15.4,812,2026-05-30 13:19:22.022657
1097,KpGrudPilsud-PM10-1g,2026-05-29 20:00:00,11.2,812,2026-05-30 13:19:22.022657
1098,KpGrudPilsud-PM10-1g,2026-05-29 19:00:00,14.8,812,2026-05-30 13:19:22.022657
1099,KpGrudPilsud-PM10-1g,2026-05-29 18:00:00,12.8,812,2026-05-30 13:19:22.022657
1100,KpInowSolank-PM10-1g,2026-05-30 13:00:00,9.3,828,2026-05-30 13:19:22.126520
1101,KpInowSolank-PM10-1g,2026-05-30 12:00:00,8.2,828,2026-05-30 13:19:22.126520
1102,KpInowSolank-PM10-1g,2026-05-30 11:00:00,8.1,828,2026-05-30 13:19:22.126520
1103,KpInowSolank-PM10-1g,2026-05-30 10:00:00,7.5,828,2026-05-30 13:19:22.126520
1104,KpInowSolank-PM10-1g,2026-05-30 09:00:00,5.9,828,2026-05-30 13:19:22.126520
1105,KpInowSolank-PM10-1g,2026-05-30 08:00:00,6.7,828,2026-05-30 13:19:22.126520
1106,KpInowSolank-PM10-1g,2026-05-30 07:00:00,7.1,828,2026-05-30 13:19:22.126520
1107,KpInowSolank-PM10-1g,2026-05-30 06:00:00,5.4,828,2026-05-30 13:19:22.126520
1108,KpInowSolank-PM10-1g,2026-05-30 05:00:00,4.6,828,2026-05-30 13:19:22.126520
1109,KpInowSolank-PM10-1g,2026-05-30 04:00:00,4.3,828,2026-05-30 13:19:22.126520
1110,KpInowSolank-PM10-1g,2026-05-30 03:00:00,2.4,828,2026-05-30 13:19:22.126520
1111,KpInowSolank-PM10-1g,2026-05-30 02:00:00,2.2,828,2026-05-30 13:19:22.126520
1112,KpInowSolank-PM10-1g,2026-05-30 01:00:00,2.3,828,2026-05-30 13:19:22.126520
1113,KpInowSolank-PM10-1g,2026-05-30 00:00:00,3.4,828,2026-05-30 13:19:22.126520
1114,KpInowSolank-PM10-1g,2026-05-29 23:00:00,7.4,828,2026-05-30 13:19:22.126520
1115,KpInowSolank-PM10-1g,2026-05-29 22:00:00,11.7,828,2026-05-30 13:19:22.126520
1116,KpInowSolank-PM10-1g,2026-05-29 21:00:00,14.7,828,2026-05-30 13:19:22.126520
1117,KpInowSolank-PM10-1g,2026-05-29 20:00:00,15.0,828,2026-05-30 13:19:22.126520
1118,KpInowSolank-PM10-1g,2026-05-29 19:00:00,17.7,828,2026-05-30 13:19:22.126520
1119,KpInowSolank-PM10-1g,2026-05-29 18:00:00,18.4,828,2026-05-30 13:19:22.126520
1120,KpToruWSikor-PM10-1g,2026-05-30 13:00:00,21.6,853,2026-05-30 13:19:22.213011
1121,KpToruWSikor-PM10-1g,2026-05-30 12:00:00,22.4,853,2026-05-30 13:19:22.213011
1122,KpToruWSikor-PM10-1g,2026-05-30 11:00:00,21.8,853,2026-05-30 13:19:22.213011
1123,KpToruWSikor-PM10-1g,2026-05-30 10:00:00,18.8,853,2026-05-30 13:19:22.213011
1124,KpToruWSikor-PM10-1g,2026-05-30 09:00:00,13.4,853,2026-05-30 13:19:22.213011
1125,KpToruWSikor-PM10-1g,2026-05-30 08:00:00,7.8,853,2026-05-30 13:19:22.213011
1126,KpToruWSikor-PM10-1g,2026-05-30 07:00:00,6.3,853,2026-05-30 13:19:22.213011
1127,KpToruWSikor-PM10-1g,2026-05-30 06:00:00,5.6,853,2026-05-30 13:19:22.213011
1128,KpToruWSikor-PM10-1g,2026-05-30 05:00:00,4.7,853,2026-05-30 13:19:22.213011
1129,KpToruWSikor-PM10-1g,2026-05-30 04:00:00,4.1,853,2026-05-30 13:19:22.213011
1130,KpToruWSikor-PM10-1g,2026-05-30 03:00:00,4.7,853,2026-05-30 13:19:22.213011
1131,KpToruWSikor-PM10-1g,2026-05-30 02:00:00,8.7,853,2026-05-30 13:19:22.213011
1132,KpToruWSikor-PM10-1g,2026-05-30 01:00:00,5.7,853,2026-05-30 13:19:22.213011
1133,KpToruWSikor-PM10-1g,2026-05-30 00:00:00,4.8,853,2026-05-30 13:19:22.213011
1134,KpToruWSikor-PM10-1g,2026-05-29 23:00:00,10.4,853,2026-05-30 13:19:22.213011
1135,KpToruWSikor-PM10-1g,2026-05-29 22:00:00,11.0,853,2026-05-30 13:19:22.213011
1136,KpToruWSikor-PM10-1g,2026-05-29 21:00:00,13.3,853,2026-05-30 13:19:22.213011
1137,KpToruWSikor-PM10-1g,2026-05-29 20:00:00,23.1,853,2026-05-30 13:19:22.213011
1138,KpToruWSikor-PM10-1g,2026-05-29 19:00:00,33.0,853,2026-05-30 13:19:22.213011
1139,KpToruWSikor-PM10-1g,2026-05-29 18:00:00,31.2,853,2026-05-30 13:19:22.213011
