Kod stanowiska,Data,Wartość,id_stanowisk
DsCzerStraza-NO-1g,2026-09-01 00:00:00,0.5,49
DsCzerStraza-NO-1g,2026-08-31 23:00:00,0.7,49
DsCzerStraza-NO-1g,2026-08-31 22:00:00,0.6,49
DsCzerStraza-NO-1g,2026-08-31 21:00:00,0.6,49
DsCzerStraza-NO-1g,2026-08-31 20:00:00,0.6,49
DsCzerStraza-NO-1g,2026-08-31 19:00:00,0.6,49
DsCzerStraza-NO-1g,2026-08-31 18:00:00,0.8,49
DsCzerStraza-NO-1g,2026-08-31 17:00:00,0.8,49
DsCzerStraza-NO-1g,2026-08-31 16:00:00,0.8,49
DsCzerStraza-NO-1g,2026-08-31 15:00:00,1.1,49
DsCzerStraza-NO-1g,2026-08-31 14:00:00,0.8,49
DsCzerStraza-NO-1g,2026-08-31 13:00:00,1.2,49
DsCzerStraza-NO-1g,2026-08-31 12:00:00,1.2,49
DsCzerStraza-NO-1g,2026-08-31 11:00:00,0.9,49
DsCzerStraza-NO-1g,2026-08-31 10:00:00,1.1,49
DsCzerStraza-NO-1g,2026-08-31 09:00:00,1.3,49
DsCzerStraza-NO-1g,2026-08-31 08:00:00,1.3,49
DsCzerStraza-NO-1g,2026-08-31 07:00:00,0.7,49
DsCzerStraza-NO-1g,2026-08-31 06:00:00,0.8,49
DsCzerStraza-NO-1g,2026-08-31 05:00:00,0.6,49
DsCzerStraza-NO2-1g,2026-09-01 00:00:00,1.5,50
DsCzerStraza-NO2-1g,2026-08-31 23:00:00,1.6,50
DsCzerStraza-NO2-1g,2026-08-31 22:00:00,2.2,50
DsCzerStraza-NO2-1g,2026-08-31 21:00:00,2.5,50
DsCzerStraza-NO2-1g,2026-08-31 20:00:00,2.4,50
DsCzerStraza-NO2-1g,2026-08-31 19:00:00,1.8,50
DsCzerStraza-NO2-1g,2026-08-31 18:00:00,1.8,50
DsCzerStraza-NO2-1g,2026-08-31 17:00:00,1.9,50
DsCzerStraza-NO2-1g,2026-08-31 16:00:00,1.9,50
DsCzerStraza-NO2-1g,2026-08-31 15:00:00,1.5,50
DsCzerStraza-NO2-1g,2026-08-31 14:00:00,1.2,50
DsCzerStraza-NO2-1g,2026-08-31 13:00:00,1.8,50
DsCzerStraza-NO2-1g,2026-08-31 12:00:00,2.0,50
DsCzerStraza-NO2-1g,2026-08-31 11:00:00,3.4,50
DsCzerStraza-NO2-1g,2026-08-31 10:00:00,2.6,50
DsCzerStraza-NO2-1g,2026-08-31 09:00:00,3.2,50
DsCzerStraza-NO2-1g,2026-08-31 08:00:00,3.7,50
DsCzerStraza-NO2-1g,2026-08-31 07:00:00,4.2,50
DsCzerStraza-NO2-1g,2026-08-31 06:00:00,1.9,50
DsCzerStraza-NO2-1g,2026-08-31 05:00:00,2.8,50
DsCzerStraza-NOx-1g,2026-09-01 00:00:00,2.3,51
DsCzerStraza-NOx-1g,2026-08-31 23:00:00,2.6,51
DsCzerStraza-NOx-1g,2026-08-31 22:00:00,3.1,51
DsCzerStraza-NOx-1g,2026-08-31 21:00:00,3.4,51
DsCzerStraza-NOx-1g,2026-08-31 20:00:00,3.3,51
DsCzerStraza-NOx-1g,2026-08-31 19:00:00,2.8,51
DsCzerStraza-NOx-1g,2026-08-31 18:00:00,3.0,51
DsCzerStraza-NOx-1g,2026-08-31 17:00:00,3.1,51
DsCzerStraza-NOx-1g,2026-08-31 16:00:00,3.1,51
DsCzerStraza-NOx-1g,2026-08-31 15:00:00,3.2,51
DsCzerStraza-NOx-1g,2026-08-31 14:00:00,2.4,51
DsCzerStraza-NOx-1g,2026-08-31 13:00:00,3.7,51
DsCzerStraza-NOx-1g,2026-08-31 12:00:00,3.8,51
DsCzerStraza-NOx-1g,2026-08-31 11:00:00,4.8,51
DsCzerStraza-NOx-1g,2026-08-31 10:00:00,4.4,51
DsCzerStraza-NOx-1g,2026-08-31 09:00:00,5.2,51
DsCzerStraza-NOx-1g,2026-08-31 08:00:00,5.6,51
DsCzerStraza-NOx-1g,2026-08-31 07:00:00,5.2,51
DsCzerStraza-NOx-1g,2026-08-31 06:00:00,3.2,51
DsCzerStraza-NOx-1g,2026-08-31 05:00:00,3.7,51
DsCzerStraza-O3-1g,2026-09-01 00:00:00,76.7,52
DsCzerStraza-O3-1g,2026-08-31 23:00:00,77.0,52
DsCzerStraza-O3-1g,2026-08-31 22:00:00,77.5,52
DsCzerStraza-O3-1g,2026-08-31 21:00:00,81.3,52
DsCzerStraza-O3-1g,2026-08-31 20:00:00,84.4,52
DsCzerStraza-O3-1g,2026-08-31 19:00:00,86.5,52
DsCzerStraza-O3-1g,2026-08-31 18:00:00,88.2,52
DsCzerStraza-O3-1g,2026-08-31 17:00:00,82.5,52
DsCzerStraza-O3-1g,2026-08-31 16:00:00,79.7,52
DsCzerStraza-O3-1g,2026-08-31 15:00:00,76.9,52
DsCzerStraza-O3-1g,2026-08-31 14:00:00,76.2,52
DsCzerStraza-O3-1g,2026-08-31 13:00:00,75.1,52
DsCzerStraza-O3-1g,2026-08-31 12:00:00,69.8,52
DsCzerStraza-O3-1g,2026-08-31 11:00:00,68.6,52
DsCzerStraza-O3-1g,2026-08-31 10:00:00,81.9,52
DsCzerStraza-O3-1g,2026-08-31 09:00:00,84.9,52
DsCzerStraza-O3-1g,2026-08-31 08:00:00,79.4,52
DsCzerStraza-O3-1g,2026-08-31 07:00:00,80.7,52
DsCzerStraza-O3-1g,2026-08-31 06:00:00,89.2,52
DsCzerStraza-O3-1g,2026-08-31 05:00:00,80.1,52
DsCzerStraza-PM10-1g,2026-09-01 00:00:00,,54
DsCzerStraza-PM10-1g,2026-08-31 23:00:00,5.2,54
DsCzerStraza-PM10-1g,2026-08-31 22:00:00,5.9,54
DsCzerStraza-PM10-1g,2026-08-31 21:00:00,6.3,54
DsCzerStraza-PM10-1g,2026-08-31 20:00:00,8.2,54
DsCzerStraza-PM10-1g,2026-08-31 19:00:00,11.0,54
DsCzerStraza-PM10-1g,2026-08-31 18:00:00,8.5,54
DsCzerStraza-PM10-1g,2026-08-31 17:00:00,6.7,54
DsCzerStraza-PM10-1g,2026-08-31 16:00:00,3.9,54
DsCzerStraza-PM10-1g,2026-08-31 15:00:00,3.4,54
DsCzerStraza-PM10-1g,2026-08-31 14:00:00,2.6,54
DsCzerStraza-PM10-1g,2026-08-31 13:00:00,4.2,54
DsCzerStraza-PM10-1g,2026-08-31 12:00:00,5.0,54
DsCzerStraza-PM10-1g,2026-08-31 11:00:00,5.1,54
DsCzerStraza-PM10-1g,2026-08-31 10:00:00,2.8,54
DsCzerStraza-PM10-1g,2026-08-31 09:00:00,5.3,54
DsCzerStraza-PM10-1g,2026-08-31 08:00:00,5.7,54
DsCzerStraza-PM10-1g,2026-08-31 07:00:00,7.2,54
DsCzerStraza-PM10-1g,2026-08-31 06:00:00,3.6,54
DsCzerStraza-PM10-1g,2026-08-31 05:00:00,4.7,54
DsDziePilsud-PM10-1g,2026-09-01 00:00:00,,101
DsDziePilsud-PM10-1g,2026-08-31 23:00:00,5.7,101
DsDziePilsud-PM10-1g,2026-08-31 22:00:00,2.6,101
DsDziePilsud-PM10-1g,2026-08-31 21:00:00,1.9,101
DsDziePilsud-PM10-1g,2026-08-31 20:00:00,1.4,101
DsDziePilsud-PM10-1g,2026-08-31 19:00:00,1.5,101
DsDziePilsud-PM10-1g,2026-08-31 18:00:00,2.3,101
DsDziePilsud-PM10-1g,2026-08-31 17:00:00,2.6,101
DsDziePilsud-PM10-1g,2026-08-31 16:00:00,3.4,101
DsDziePilsud-PM10-1g,2026-08-31 15:00:00,0.4,101
DsDziePilsud-PM10-1g,2026-08-31 14:00:00,,101
DsDziePilsud-PM10-1g,2026-08-31 13:00:00,3.3,101
DsDziePilsud-PM10-1g,2026-08-31 12:00:00,7.3,101
DsDziePilsud-PM10-1g,2026-08-31 11:00:00,18.2,101
DsDziePilsud-PM10-1g,2026-08-31 10:00:00,22.6,101
DsDziePilsud-PM10-1g,2026-08-31 09:00:00,18.2,101
DsDziePilsud-PM10-1g,2026-08-31 08:00:00,10.3,101
DsDziePilsud-PM10-1g,2026-08-31 07:00:00,10.3,101
DsDziePilsud-PM10-1g,2026-08-31 06:00:00,8.4,101
DsDziePilsud-PM10-1g,2026-08-31 05:00:00,7.2,101
DsKlodzSzkol-NO-1g,2026-09-01 00:00:00,0.4,220
DsKlodzSzkol-NO-1g,2026-08-31 23:00:00,0.4,220
DsKlodzSzkol-NO-1g,2026-08-31 22:00:00,0.5,220
DsKlodzSzkol-NO-1g,2026-08-31 21:00:00,0.3,220
DsKlodzSzkol-NO-1g,2026-08-31 20:00:00,0.2,220
DsKlodzSzkol-NO-1g,2026-08-31 19:00:00,0.4,220
DsKlodzSzkol-NO-1g,2026-08-31 18:00:00,0.5,220
DsKlodzSzkol-NO-1g,2026-08-31 17:00:00,0.7,220
DsKlodzSzkol-NO-1g,2026-08-31 16:00:00,0.9,220
DsKlodzSzkol-NO-1g,2026-08-31 15:00:00,0.8,220
DsKlodzSzkol-NO-1g,2026-08-31 14:00:00,5.1,220
DsKlodzSzkol-NO-1g,2026-08-31 13:00:00,7.1,220
DsKlodzSzkol-NO-1g,2026-08-31 12:00:00,8.7,220
DsKlodzSzkol-NO-1g,2026-08-31 11:00:00,19.5,220
DsKlodzSzkol-NO-1g,2026-08-31 10:00:00,15.7,220
DsKlodzSzkol-NO-1g,2026-08-31 09:00:00,7.6,220
DsKlodzSzkol-NO-1g,2026-08-31 08:00:00,11.9,220
DsKlodzSzkol-NO-1g,2026-08-31 07:00:00,12.9,220
DsKlodzSzkol-NO-1g,2026-08-31 06:00:00,6.1,220
DsKlodzSzkol-NO-1g,2026-08-31 05:00:00,2.9,220
DsKlodzSzkol-NO2-1g,2026-09-01 00:00:00,6.6,221
DsKlodzSzkol-NO2-1g,2026-08-31 23:00:00,9.1,221
DsKlodzSzkol-NO2-1g,2026-08-31 22:00:00,10.6,221
DsKlodzSzkol-NO2-1g,2026-08-31 21:00:00,8.8,221
DsKlodzSzkol-NO2-1g,2026-08-31 20:00:00,4.5,221
DsKlodzSzkol-NO2-1g,2026-08-31 19:00:00,3.5,221
DsKlodzSzkol-NO2-1g,2026-08-31 18:00:00,3.5,221
DsKlodzSzkol-NO2-1g,2026-08-31 17:00:00,3.6,221
DsKlodzSzkol-NO2-1g,2026-08-31 16:00:00,5.6,221
DsKlodzSzkol-NO2-1g,2026-08-31 15:00:00,4.7,221
DsKlodzSzkol-NO2-1g,2026-08-31 14:00:00,12.7,221
DsKlodzSzkol-NO2-1g,2026-08-31 13:00:00,19.3,221
DsKlodzSzkol-NO2-1g,2026-08-31 12:00:00,24.2,221
DsKlodzSzkol-NO2-1g,2026-08-31 11:00:00,20.1,221
DsKlodzSzkol-NO2-1g,2026-08-31 10:00:00,21.1,221
DsKlodzSzkol-NO2-1g,2026-08-31 09:00:00,15.2,221
DsKlodzSzkol-NO2-1g,2026-08-31 08:00:00,12.6,221
DsKlodzSzkol-NO2-1g,2026-08-31 07:00:00,10.3,221
DsKlodzSzkol-NO2-1g,2026-08-31 06:00:00,13.0,221
DsKlodzSzkol-NO2-1g,2026-08-31 05:00:00,12.2,221
DsKlodzSzkol-NOx-1g,2026-09-01 00:00:00,7.2,222
DsKlodzSzkol-NOx-1g,2026-08-31 23:00:00,9.7,222
DsKlodzSzkol-NOx-1g,2026-08-31 22:00:00,11.3,222
DsKlodzSzkol-NOx-1g,2026-08-31 21:00:00,9.3,222
DsKlodzSzkol-NOx-1g,2026-08-31 20:00:00,4.7,222
DsKlodzSzkol-NOx-1g,2026-08-31 19:00:00,4.1,222
DsKlodzSzkol-NOx-1g,2026-08-31 18:00:00,4.3,222
DsKlodzSzkol-NOx-1g,2026-08-31 17:00:00,4.6,222
DsKlodzSzkol-NOx-1g,2026-08-31 16:00:00,7.0,222
DsKlodzSzkol-NOx-1g,2026-08-31 15:00:00,5.9,222
DsKlodzSzkol-NOx-1g,2026-08-31 14:00:00,20.5,222
DsKlodzSzkol-NOx-1g,2026-08-31 13:00:00,30.2,222
DsKlodzSzkol-NOx-1g,2026-08-31 12:00:00,37.5,222
DsKlodzSzkol-NOx-1g,2026-08-31 11:00:00,50.1,222
DsKlodzSzkol-NOx-1g,2026-08-31 10:00:00,45.2,222
DsKlodzSzkol-NOx-1g,2026-08-31 09:00:00,26.9,222
DsKlodzSzkol-NOx-1g,2026-08-31 08:00:00,30.8,222
DsKlodzSzkol-NOx-1g,2026-08-31 07:00:00,30.2,222
DsKlodzSzkol-NOx-1g,2026-08-31 06:00:00,22.3,222
DsKlodzSzkol-NOx-1g,2026-08-31 05:00:00,16.6,222
DsKlodzSzkol-O3-1g,2026-09-01 00:00:00,39.8,223
DsKlodzSzkol-O3-1g,2026-08-31 23:00:00,37.9,223
DsKlodzSzkol-O3-1g,2026-08-31 22:00:00,46.8,223
DsKlodzSzkol-O3-1g,2026-08-31 21:00:00,65.8,223
DsKlodzSzkol-O3-1g,2026-08-31 20:00:00,79.6,223
DsKlodzSzkol-O3-1g,2026-08-31 19:00:00,85.0,223
DsKlodzSzkol-O3-1g,2026-08-31 18:00:00,83.4,223
DsKlodzSzkol-O3-1g,2026-08-31 17:00:00,80.8,223
DsKlodzSzkol-O3-1g,2026-08-31 16:00:00,74.8,223
DsKlodzSzkol-O3-1g,2026-08-31 15:00:00,74.4,223
DsKlodzSzkol-O3-1g,2026-08-31 14:00:00,57.1,223
DsKlodzSzkol-O3-1g,2026-08-31 13:00:00,30.8,223
DsKlodzSzkol-O3-1g,2026-08-31 12:00:00,15.7,223
DsKlodzSzkol-O3-1g,2026-08-31 11:00:00,8.0,223
DsKlodzSzkol-O3-1g,2026-08-31 10:00:00,5.8,223
DsKlodzSzkol-O3-1g,2026-08-31 09:00:00,9.2,223
DsKlodzSzkol-O3-1g,2026-08-31 08:00:00,5.6,223
DsKlodzSzkol-O3-1g,2026-08-31 07:00:00,3.0,223
DsKlodzSzkol-O3-1g,2026-08-31 06:00:00,2.5,223
DsKlodzSzkol-O3-1g,2026-08-31 05:00:00,3.1,223
DsKlodzSzkol-PM10-1g,2026-09-01 00:00:00,9.5,224
DsKlodzSzkol-PM10-1g,2026-08-31 23:00:00,10.1,224
DsKlodzSzkol-PM10-1g,2026-08-31 22:00:00,10.2,224
DsKlodzSzkol-PM10-1g,2026-08-31 21:00:00,7.9,224
DsKlodzSzkol-PM10-1g,2026-08-31 20:00:00,7.0,224
DsKlodzSzkol-PM10-1g,2026-08-31 19:00:00,6.5,224
DsKlodzSzkol-PM10-1g,2026-08-31 18:00:00,5.5,224
DsKlodzSzkol-PM10-1g,2026-08-31 17:00:00,5.6,224
DsKlodzSzkol-PM10-1g,2026-08-31 16:00:00,6.2,224
DsKlodzSzkol-PM10-1g,2026-08-31 15:00:00,4.8,224
DsKlodzSzkol-PM10-1g,2026-08-31 14:00:00,4.7,224
DsKlodzSzkol-PM10-1g,2026-08-31 13:00:00,8.1,224
DsKlodzSzkol-PM10-1g,2026-08-31 12:00:00,13.6,224
DsKlodzSzkol-PM10-1g,2026-08-31 11:00:00,20.5,224
DsKlodzSzkol-PM10-1g,2026-08-31 10:00:00,24.9,224
DsKlodzSzkol-PM10-1g,2026-08-31 09:00:00,14.4,224
DsKlodzSzkol-PM10-1g,2026-08-31 08:00:00,14.5,224
DsKlodzSzkol-PM10-1g,2026-08-31 07:00:00,13.7,224
DsKlodzSzkol-PM10-1g,2026-08-31 06:00:00,9.9,224
DsKlodzSzkol-PM10-1g,2026-08-31 05:00:00,11.4,224
DsKlodzSzkol-PM2.5-1g,2026-09-01 00:00:00,6.1,25988
DsKlodzSzkol-PM2.5-1g,2026-08-31 23:00:00,6.1,25988
DsKlodzSzkol-PM2.5-1g,2026-08-31 22:00:00,5.8,25988
DsKlodzSzkol-PM2.5-1g,2026-08-31 21:00:00,4.6,25988
DsKlodzSzkol-PM2.5-1g,2026-08-31 20:00:00,3.9,25988
DsKlodzSzkol-PM2.5-1g,2026-08-31 19:00:00,3.7,25988
DsKlodzSzkol-PM2.5-1g,2026-08-31 18:00:00,3.4,25988
DsKlodzSzkol-PM2.5-1g,2026-08-31 17:00:00,3.6,25988
DsKlodzSzkol-PM2.5-1g,2026-08-31 16:00:00,4.2,25988
DsKlodzSzkol-PM2.5-1g,2026-08-31 15:00:00,3.1,25988
DsKlodzSzkol-PM2.5-1g,2026-08-31 14:00:00,2.9,25988
DsKlodzSzkol-PM2.5-1g,2026-08-31 13:00:00,5.1,25988
DsKlodzSzkol-PM2.5-1g,2026-08-31 12:00:00,7.3,25988
DsKlodzSzkol-PM2.5-1g,2026-08-31 11:00:00,9.9,25988
DsKlodzSzkol-PM2.5-1g,2026-08-31 10:00:00,12.7,25988
DsKlodzSzkol-PM2.5-1g,2026-08-31 09:00:00,7.6,25988
DsKlodzSzkol-PM2.5-1g,2026-08-31 08:00:00,6.8,25988
DsKlodzSzkol-PM2.5-1g,2026-08-31 07:00:00,6.4,25988
DsKlodzSzkol-PM2.5-1g,2026-08-31 06:00:00,5.8,25988
DsKlodzSzkol-PM2.5-1g,2026-08-31 05:00:00,6.7,25988
DsLegAlRzecz-C6H6-1g,2026-09-01 00:00:00,0.14,282
DsLegAlRzecz-C6H6-1g,2026-08-31 23:00:00,0.41,282
DsLegAlRzecz-C6H6-1g,2026-08-31 22:00:00,1.01,282
DsLegAlRzecz-C6H6-1g,2026-08-31 21:00:00,0.83,282
DsLegAlRzecz-C6H6-1g,2026-08-31 20:00:00,,282
DsLegAlRzecz-C6H6-1g,2026-08-31 19:00:00,0.17,282
DsLegAlRzecz-C6H6-1g,2026-08-31 18:00:00,0.13,282
DsLegAlRzecz-C6H6-1g,2026-08-31 17:00:00,0.17,282
DsLegAlRzecz-C6H6-1g,2026-08-31 16:00:00,0.18,282
DsLegAlRzecz-C6H6-1g,2026-08-31 15:00:00,0.13,282
DsLegAlRzecz-C6H6-1g,2026-08-31 14:00:00,0.08,282
DsLegAlRzecz-C6H6-1g,2026-08-31 13:00:00,0.2,282
DsLegAlRzecz-C6H6-1g,2026-08-31 12:00:00,0.32,282
DsLegAlRzecz-C6H6-1g,2026-08-31 11:00:00,0.26,282
DsLegAlRzecz-C6H6-1g,2026-08-31 10:00:00,0.23,282
DsLegAlRzecz-C6H6-1g,2026-08-31 09:00:00,0.23,282
DsLegAlRzecz-C6H6-1g,2026-08-31 08:00:00,0.19,282
DsLegAlRzecz-C6H6-1g,2026-08-31 07:00:00,0.28,282
DsLegAlRzecz-C6H6-1g,2026-08-31 06:00:00,0.15,282
DsLegAlRzecz-C6H6-1g,2026-08-31 05:00:00,0.35,282
DsLegAlRzecz-NO-1g,2026-09-01 00:00:00,0.1,290
DsLegAlRzecz-NO-1g,2026-08-31 23:00:00,0.8,290
DsLegAlRzecz-NO-1g,2026-08-31 22:00:00,3.7,290
DsLegAlRzecz-NO-1g,2026-08-31 21:00:00,12.9,290
DsLegAlRzecz-NO-1g,2026-08-31 20:00:00,1.6,290
DsLegAlRzecz-NO-1g,2026-08-31 19:00:00,1.3,290
DsLegAlRzecz-NO-1g,2026-08-31 18:00:00,1.2,290
DsLegAlRzecz-NO-1g,2026-08-31 17:00:00,1.5,290
DsLegAlRzecz-NO-1g,2026-08-31 16:00:00,1.5,290
DsLegAlRzecz-NO-1g,2026-08-31 15:00:00,1.6,290
DsLegAlRzecz-NO-1g,2026-08-31 14:00:00,1.8,290
DsLegAlRzecz-NO-1g,2026-08-31 13:00:00,1.3,290
DsLegAlRzecz-NO-1g,2026-08-31 12:00:00,7.2,290
DsLegAlRzecz-NO-1g,2026-08-31 11:00:00,9.2,290
DsLegAlRzecz-NO-1g,2026-08-31 10:00:00,4.2,290
DsLegAlRzecz-NO-1g,2026-08-31 09:00:00,4.0,290
DsLegAlRzecz-NO-1g,2026-08-31 08:00:00,5.9,290
DsLegAlRzecz-NO-1g,2026-08-31 07:00:00,5.7,290
DsLegAlRzecz-NO-1g,2026-08-31 06:00:00,2.2,290
DsLegAlRzecz-NO-1g,2026-08-31 05:00:00,1.7,290
DsLegAlRzecz-NO2-1g,2026-09-01 00:00:00,4.7,291
DsLegAlRzecz-NO2-1g,2026-08-31 23:00:00,14.3,291
DsLegAlRzecz-NO2-1g,2026-08-31 22:00:00,38.6,291
DsLegAlRzecz-NO2-1g,2026-08-31 21:00:00,52.8,291
DsLegAlRzecz-NO2-1g,2026-08-31 20:00:00,22.9,291
DsLegAlRzecz-NO2-1g,2026-08-31 19:00:00,12.1,291
DsLegAlRzecz-NO2-1g,2026-08-31 18:00:00,7.5,291
DsLegAlRzecz-NO2-1g,2026-08-31 17:00:00,8.1,291
DsLegAlRzecz-NO2-1g,2026-08-31 16:00:00,9.8,291
DsLegAlRzecz-NO2-1g,2026-08-31 15:00:00,8.2,291
DsLegAlRzecz-NO2-1g,2026-08-31 14:00:00,9.2,291
DsLegAlRzecz-NO2-1g,2026-08-31 13:00:00,10.2,291
DsLegAlRzecz-NO2-1g,2026-08-31 12:00:00,31.2,291
DsLegAlRzecz-NO2-1g,2026-08-31 11:00:00,26.9,291
DsLegAlRzecz-NO2-1g,2026-08-31 10:00:00,20.6,291
DsLegAlRzecz-NO2-1g,2026-08-31 09:00:00,19.5,291
DsLegAlRzecz-NO2-1g,2026-08-31 08:00:00,23.6,291
DsLegAlRzecz-NO2-1g,2026-08-31 07:00:00,25.4,291
DsLegAlRzecz-NO2-1g,2026-08-31 06:00:00,27.5,291
DsLegAlRzecz-NO2-1g,2026-08-31 05:00:00,23.6,291
DsLegAlRzecz-NOx-1g,2026-09-01 00:00:00,4.9,292
DsLegAlRzecz-NOx-1g,2026-08-31 23:00:00,15.6,292
DsLegAlRzecz-NOx-1g,2026-08-31 22:00:00,44.2,292
DsLegAlRzecz-NOx-1g,2026-08-31 21:00:00,72.6,292
DsLegAlRzecz-NOx-1g,2026-08-31 20:00:00,25.4,292
DsLegAlRzecz-NOx-1g,2026-08-31 19:00:00,14.0,292
DsLegAlRzecz-NOx-1g,2026-08-31 18:00:00,9.4,292
DsLegAlRzecz-NOx-1g,2026-08-31 17:00:00,10.4,292
DsLegAlRzecz-NOx-1g,2026-08-31 16:00:00,12.2,292
DsLegAlRzecz-NOx-1g,2026-08-31 15:00:00,10.7,292
DsLegAlRzecz-NOx-1g,2026-08-31 14:00:00,12.0,292
DsLegAlRzecz-NOx-1g,2026-08-31 13:00:00,12.2,292
DsLegAlRzecz-NOx-1g,2026-08-31 12:00:00,42.3,292
DsLegAlRzecz-NOx-1g,2026-08-31 11:00:00,41.1,292
DsLegAlRzecz-NOx-1g,2026-08-31 10:00:00,27.1,292
DsLegAlRzecz-NOx-1g,2026-08-31 09:00:00,25.5,292
DsLegAlRzecz-NOx-1g,2026-08-31 08:00:00,32.7,292
DsLegAlRzecz-NOx-1g,2026-08-31 07:00:00,34.2,292
DsLegAlRzecz-NOx-1g,2026-08-31 06:00:00,30.8,292
DsLegAlRzecz-NOx-1g,2026-08-31 05:00:00,26.3,292
DsLegAlRzecz-O3-1g,2026-09-01 00:00:00,75.5,293
DsLegAlRzecz-O3-1g,2026-08-31 23:00:00,64.4,293
DsLegAlRzecz-O3-1g,2026-08-31 22:00:00,38.8,293
DsLegAlRzecz-O3-1g,2026-08-31 21:00:00,28.0,293
DsLegAlRzecz-O3-1g,2026-08-31 20:00:00,69.0,293
DsLegAlRzecz-O3-1g,2026-08-31 19:00:00,85.4,293
DsLegAlRzecz-O3-1g,2026-08-31 18:00:00,92.2,293
DsLegAlRzecz-O3-1g,2026-08-31 17:00:00,90.5,293
DsLegAlRzecz-O3-1g,2026-08-31 16:00:00,80.9,293
DsLegAlRzecz-O3-1g,2026-08-31 15:00:00,78.1,293
DsLegAlRzecz-O3-1g,2026-08-31 14:00:00,75.2,293
DsLegAlRzecz-O3-1g,2026-08-31 13:00:00,67.5,293
DsLegAlRzecz-O3-1g,2026-08-31 12:00:00,31.8,293
DsLegAlRzecz-O3-1g,2026-08-31 11:00:00,23.4,293
DsLegAlRzecz-O3-1g,2026-08-31 10:00:00,36.1,293
DsLegAlRzecz-O3-1g,2026-08-31 09:00:00,41.3,293
DsLegAlRzecz-O3-1g,2026-08-31 08:00:00,31.4,293
DsLegAlRzecz-O3-1g,2026-08-31 07:00:00,18.1,293
DsLegAlRzecz-O3-1g,2026-08-31 06:00:00,15.7,293
DsLegAlRzecz-O3-1g,2026-08-31 05:00:00,19.4,293
DsLegAlRzecz-SO2-1g,2026-09-01 00:00:00,10.4,297
DsLegAlRzecz-SO2-1g,2026-08-31 23:00:00,9.4,297
DsLegAlRzecz-SO2-1g,2026-08-31 22:00:00,9.4,297
DsLegAlRzecz-SO2-1g,2026-08-31 21:00:00,9.5,297
DsLegAlRzecz-SO2-1g,2026-08-31 20:00:00,13.1,297
DsLegAlRzecz-SO2-1g,2026-08-31 19:00:00,10.1,297
DsLegAlRzecz-SO2-1g,2026-08-31 18:00:00,9.3,297
DsLegAlRzecz-SO2-1g,2026-08-31 17:00:00,8.8,297
DsLegAlRzecz-SO2-1g,2026-08-31 16:00:00,8.0,297
DsLegAlRzecz-SO2-1g,2026-08-31 15:00:00,8.5,297
DsLegAlRzecz-SO2-1g,2026-08-31 14:00:00,8.6,297
DsLegAlRzecz-SO2-1g,2026-08-31 13:00:00,8.6,297
DsLegAlRzecz-SO2-1g,2026-08-31 12:00:00,9.4,297
DsLegAlRzecz-SO2-1g,2026-08-31 11:00:00,9.0,297
DsLegAlRzecz-SO2-1g,2026-08-31 10:00:00,8.6,297
DsLegAlRzecz-SO2-1g,2026-08-31 09:00:00,8.5,297
DsLegAlRzecz-SO2-1g,2026-08-31 08:00:00,9.2,297
DsLegAlRzecz-SO2-1g,2026-08-31 07:00:00,9.2,297
DsLegAlRzecz-SO2-1g,2026-08-31 06:00:00,8.6,297
DsLegAlRzecz-SO2-1g,2026-08-31 05:00:00,7.7,297
DsLegAlRzecz-PM10-1g,2026-09-01 00:00:00,9.2,14397
DsLegAlRzecz-PM10-1g,2026-08-31 23:00:00,10.3,14397
DsLegAlRzecz-PM10-1g,2026-08-31 22:00:00,20.5,14397
DsLegAlRzecz-PM10-1g,2026-08-31 21:00:00,18.4,14397
DsLegAlRzecz-PM10-1g,2026-08-31 20:00:00,11.6,14397
DsLegAlRzecz-PM10-1g,2026-08-31 19:00:00,9.6,14397
DsLegAlRzecz-PM10-1g,2026-08-31 18:00:00,8.5,14397
DsLegAlRzecz-PM10-1g,2026-08-31 17:00:00,8.1,14397
DsLegAlRzecz-PM10-1g,2026-08-31 16:00:00,7.5,14397
DsLegAlRzecz-PM10-1g,2026-08-31 15:00:00,7.1,14397
DsLegAlRzecz-PM10-1g,2026-08-31 14:00:00,8.5,14397
DsLegAlRzecz-PM10-1g,2026-08-31 13:00:00,10.3,14397
DsLegAlRzecz-PM10-1g,2026-08-31 12:00:00,20.2,14397
DsLegAlRzecz-PM10-1g,2026-08-31 11:00:00,19.1,14397
DsLegAlRzecz-PM10-1g,2026-08-31 10:00:00,18.9,14397
DsLegAlRzecz-PM10-1g,2026-08-31 09:00:00,16.8,14397
DsLegAlRzecz-PM10-1g,2026-08-31 08:00:00,14.6,14397
DsLegAlRzecz-PM10-1g,2026-08-31 07:00:00,12.8,14397
DsLegAlRzecz-PM10-1g,2026-08-31 06:00:00,11.9,14397
DsLegAlRzecz-PM10-1g,2026-08-31 05:00:00,14.0,14397
DsLegAlRzecz-PM2.5-1g,2026-09-01 00:00:00,6.2,32560
DsLegAlRzecz-PM2.5-1g,2026-08-31 23:00:00,7.3,32560
DsLegAlRzecz-PM2.5-1g,2026-08-31 22:00:00,13.0,32560
DsLegAlRzecz-PM2.5-1g,2026-08-31 21:00:00,9.1,32560
DsLegAlRzecz-PM2.5-1g,2026-08-31 20:00:00,7.0,32560
DsLegAlRzecz-PM2.5-1g,2026-08-31 19:00:00,6.1,32560
DsLegAlRzecz-PM2.5-1g,2026-08-31 18:00:00,6.0,32560
DsLegAlRzecz-PM2.5-1g,2026-08-31 17:00:00,5.6,32560
DsLegAlRzecz-PM2.5-1g,2026-08-31 16:00:00,5.2,32560
DsLegAlRzecz-PM2.5-1g,2026-08-31 15:00:00,4.9,32560
DsLegAlRzecz-PM2.5-1g,2026-08-31 14:00:00,5.4,32560
DsLegAlRzecz-PM2.5-1g,2026-08-31 13:00:00,5.9,32560
DsLegAlRzecz-PM2.5-1g,2026-08-31 12:00:00,9.2,32560
DsLegAlRzecz-PM2.5-1g,2026-08-31 11:00:00,8.6,32560
DsLegAlRzecz-PM2.5-1g,2026-08-31 10:00:00,7.7,32560
DsLegAlRzecz-PM2.5-1g,2026-08-31 09:00:00,7.5,32560
DsLegAlRzecz-PM2.5-1g,2026-08-31 08:00:00,7.5,32560
DsLegAlRzecz-PM2.5-1g,2026-08-31 07:00:00,7.2,32560
DsLegAlRzecz-PM2.5-1g,2026-08-31 06:00:00,7.5,32560
DsLegAlRzecz-PM2.5-1g,2026-08-31 05:00:00,10.4,32560
DsOlawZolnAK-NO-1g,2026-09-01 00:00:00,1.2,396
DsOlawZolnAK-NO-1g,2026-08-31 23:00:00,1.5,396
DsOlawZolnAK-NO-1g,2026-08-31 22:00:00,1.0,396
DsOlawZolnAK-NO-1g,2026-08-31 21:00:00,1.1,396
DsOlawZolnAK-NO-1g,2026-08-31 20:00:00,0.8,396
DsOlawZolnAK-NO-1g,2026-08-31 19:00:00,1.3,396
DsOlawZolnAK-NO-1g,2026-08-31 18:00:00,1.0,396
DsOlawZolnAK-NO-1g,2026-08-31 17:00:00,1.6,396
DsOlawZolnAK-NO-1g,2026-08-31 16:00:00,2.1,396
DsOlawZolnAK-NO-1g,2026-08-31 15:00:00,2.8,396
DsOlawZolnAK-NO-1g,2026-08-31 14:00:00,4.3,396
DsOlawZolnAK-NO-1g,2026-08-31 13:00:00,3.3,396
DsOlawZolnAK-NO-1g,2026-08-31 12:00:00,3.2,396
DsOlawZolnAK-NO-1g,2026-08-31 11:00:00,4.9,396
DsOlawZolnAK-NO-1g,2026-08-31 10:00:00,10.2,396
DsOlawZolnAK-NO-1g,2026-08-31 09:00:00,11.2,396
DsOlawZolnAK-NO-1g,2026-08-31 08:00:00,18.6,396
DsOlawZolnAK-NO-1g,2026-08-31 07:00:00,9.9,396
DsOlawZolnAK-NO-1g,2026-08-31 06:00:00,4.9,396
DsOlawZolnAK-NO-1g,2026-08-31 05:00:00,3.2,396
DsOlawZolnAK-NO2-1g,2026-09-01 00:00:00,6.2,397
DsOlawZolnAK-NO2-1g,2026-08-31 23:00:00,11.9,397
DsOlawZolnAK-NO2-1g,2026-08-31 22:00:00,6.7,397
DsOlawZolnAK-NO2-1g,2026-08-31 21:00:00,5.6,397
DsOlawZolnAK-NO2-1g,2026-08-31 20:00:00,5.4,397
DsOlawZolnAK-NO2-1g,2026-08-31 19:00:00,4.1,397
DsOlawZolnAK-NO2-1g,2026-08-31 18:00:00,3.9,397
DsOlawZolnAK-NO2-1g,2026-08-31 17:00:00,3.4,397
DsOlawZolnAK-NO2-1g,2026-08-31 16:00:00,3.3,397
DsOlawZolnAK-NO2-1g,2026-08-31 15:00:00,4.4,397
DsOlawZolnAK-NO2-1g,2026-08-31 14:00:00,15.5,397
DsOlawZolnAK-NO2-1g,2026-08-31 13:00:00,14.2,397
DsOlawZolnAK-NO2-1g,2026-08-31 12:00:00,15.0,397
DsOlawZolnAK-NO2-1g,2026-08-31 11:00:00,16.7,397
DsOlawZolnAK-NO2-1g,2026-08-31 10:00:00,24.0,397
DsOlawZolnAK-NO2-1g,2026-08-31 09:00:00,23.9,397
DsOlawZolnAK-NO2-1g,2026-08-31 08:00:00,18.9,397
DsOlawZolnAK-NO2-1g,2026-08-31 07:00:00,14.6,397
DsOlawZolnAK-NO2-1g,2026-08-31 06:00:00,12.9,397
DsOlawZolnAK-NO2-1g,2026-08-31 05:00:00,12.4,397
DsOlawZolnAK-NOx-1g,2026-09-01 00:00:00,8.0,398
DsOlawZolnAK-NOx-1g,2026-08-31 23:00:00,14.2,398
DsOlawZolnAK-NOx-1g,2026-08-31 22:00:00,8.2,398
DsOlawZolnAK-NOx-1g,2026-08-31 21:00:00,7.1,398
DsOlawZolnAK-NOx-1g,2026-08-31 20:00:00,6.5,398
DsOlawZolnAK-NOx-1g,2026-08-31 19:00:00,6.0,398
DsOlawZolnAK-NOx-1g,2026-08-31 18:00:00,5.3,398
DsOlawZolnAK-NOx-1g,2026-08-31 17:00:00,5.8,398
DsOlawZolnAK-NOx-1g,2026-08-31 16:00:00,6.4,398
DsOlawZolnAK-NOx-1g,2026-08-31 15:00:00,8.6,398
DsOlawZolnAK-NOx-1g,2026-08-31 14:00:00,22.1,398
DsOlawZolnAK-NOx-1g,2026-08-31 13:00:00,19.2,398
DsOlawZolnAK-NOx-1g,2026-08-31 12:00:00,19.9,398
DsOlawZolnAK-NOx-1g,2026-08-31 11:00:00,24.1,398
DsOlawZolnAK-NOx-1g,2026-08-31 10:00:00,39.5,398
DsOlawZolnAK-NOx-1g,2026-08-31 09:00:00,41.0,398
DsOlawZolnAK-NOx-1g,2026-08-31 08:00:00,47.3,398
DsOlawZolnAK-NOx-1g,2026-08-31 07:00:00,29.7,398
DsOlawZolnAK-NOx-1g,2026-08-31 06:00:00,20.3,398
DsOlawZolnAK-NOx-1g,2026-08-31 05:00:00,17.2,398
DsOlawZolnAK-PM10-1g,2026-09-01 00:00:00,9.2,400
DsOlawZolnAK-PM10-1g,2026-08-31 23:00:00,10.0,400
DsOlawZolnAK-PM10-1g,2026-08-31 22:00:00,9.0,400
DsOlawZolnAK-PM10-1g,2026-08-31 21:00:00,7.7,400
DsOlawZolnAK-PM10-1g,2026-08-31 20:00:00,7.2,400
DsOlawZolnAK-PM10-1g,2026-08-31 19:00:00,7.7,400
DsOlawZolnAK-PM10-1g,2026-08-31 18:00:00,6.7,400
DsOlawZolnAK-PM10-1g,2026-08-31 17:00:00,7.0,400
DsOlawZolnAK-PM10-1g,2026-08-31 16:00:00,6.7,400
DsOlawZolnAK-PM10-1g,2026-08-31 15:00:00,7.7,400
DsOlawZolnAK-PM10-1g,2026-08-31 14:00:00,10.0,400
DsOlawZolnAK-PM10-1g,2026-08-31 13:00:00,10.8,400
DsOlawZolnAK-PM10-1g,2026-08-31 12:00:00,17.7,400
DsOlawZolnAK-PM10-1g,2026-08-31 11:00:00,14.5,400
DsOlawZolnAK-PM10-1g,2026-08-31 10:00:00,15.3,400
DsOlawZolnAK-PM10-1g,2026-08-31 09:00:00,15.0,400
DsOlawZolnAK-PM10-1g,2026-08-31 08:00:00,13.0,400
DsOlawZolnAK-PM10-1g,2026-08-31 07:00:00,11.9,400
DsOlawZolnAK-PM10-1g,2026-08-31 06:00:00,9.8,400
DsOlawZolnAK-PM10-1g,2026-08-31 05:00:00,9.4,400
DsOlawZolnAK-O3-1g,2026-09-01 00:00:00,54.3,20214
DsOlawZolnAK-O3-1g,2026-08-31 23:00:00,47.1,20214
DsOlawZolnAK-O3-1g,2026-08-31 22:00:00,47.7,20214
DsOlawZolnAK-O3-1g,2026-08-31 21:00:00,62.1,20214
DsOlawZolnAK-O3-1g,2026-08-31 20:00:00,66.6,20214
DsOlawZolnAK-O3-1g,2026-08-31 19:00:00,73.3,20214
DsOlawZolnAK-O3-1g,2026-08-31 18:00:00,73.8,20214
DsOlawZolnAK-O3-1g,2026-08-31 17:00:00,69.3,20214
DsOlawZolnAK-O3-1g,2026-08-31 16:00:00,69.8,20214
DsOlawZolnAK-O3-1g,2026-08-31 15:00:00,58.2,20214
DsOlawZolnAK-O3-1g,2026-08-31 14:00:00,40.0,20214
DsOlawZolnAK-O3-1g,2026-08-31 13:00:00,41.8,20214
DsOlawZolnAK-O3-1g,2026-08-31 12:00:00,32.9,20214
DsOlawZolnAK-O3-1g,2026-08-31 11:00:00,31.5,20214
DsOlawZolnAK-O3-1g,2026-08-31 10:00:00,16.8,20214
DsOlawZolnAK-O3-1g,2026-08-31 09:00:00,10.8,20214
DsOlawZolnAK-O3-1g,2026-08-31 08:00:00,4.8,20214
DsOlawZolnAK-O3-1g,2026-08-31 07:00:00,2.5,20214
DsOlawZolnAK-O3-1g,2026-08-31 06:00:00,3.4,20214
DsOlawZolnAK-O3-1g,2026-08-31 05:00:00,6.4,20214
DsOlawZolnAK-PM2.5-1g,2026-09-01 00:00:00,5.6,32613
DsOlawZolnAK-PM2.5-1g,2026-08-31 23:00:00,5.8,32613
DsOlawZolnAK-PM2.5-1g,2026-08-31 22:00:00,5.4,32613
DsOlawZolnAK-PM2.5-1g,2026-08-31 21:00:00,4.9,32613
DsOlawZolnAK-PM2.5-1g,2026-08-31 20:00:00,4.7,32613
DsOlawZolnAK-PM2.5-1g,2026-08-31 19:00:00,4.9,32613
DsOlawZolnAK-PM2.5-1g,2026-08-31 18:00:00,4.9,32613
DsOlawZolnAK-PM2.5-1g,2026-08-31 17:00:00,4.5,32613
DsOlawZolnAK-PM2.5-1g,2026-08-31 16:00:00,3.9,32613
DsOlawZolnAK-PM2.5-1g,2026-08-31 15:00:00,4.9,32613
DsOlawZolnAK-PM2.5-1g,2026-08-31 14:00:00,5.9,32613
DsOlawZolnAK-PM2.5-1g,2026-08-31 13:00:00,5.7,32613
DsOlawZolnAK-PM2.5-1g,2026-08-31 12:00:00,6.6,32613
DsOlawZolnAK-PM2.5-1g,2026-08-31 11:00:00,6.5,32613
DsOlawZolnAK-PM2.5-1g,2026-08-31 10:00:00,7.0,32613
DsOlawZolnAK-PM2.5-1g,2026-08-31 09:00:00,6.9,32613
DsOlawZolnAK-PM2.5-1g,2026-08-31 08:00:00,7.3,32613
DsOlawZolnAK-PM2.5-1g,2026-08-31 07:00:00,6.6,32613
DsOlawZolnAK-PM2.5-1g,2026-08-31 06:00:00,5.8,32613
DsOlawZolnAK-PM2.5-1g,2026-08-31 05:00:00,5.7,32613
DsWalbrzWyso-C6H6-1g,2026-09-01 00:00:00,1.25,605
DsWalbrzWyso-C6H6-1g,2026-08-31 23:00:00,0.76,605
DsWalbrzWyso-C6H6-1g,2026-08-31 22:00:00,0.63,605
DsWalbrzWyso-C6H6-1g,2026-08-31 21:00:00,0.66,605
DsWalbrzWyso-C6H6-1g,2026-08-31 20:00:00,0.86,605
DsWalbrzWyso-C6H6-1g,2026-08-31 19:00:00,0.77,605
DsWalbrzWyso-C6H6-1g,2026-08-31 18:00:00,0.22,605
DsWalbrzWyso-C6H6-1g,2026-08-31 17:00:00,,605
DsWalbrzWyso-C6H6-1g,2026-08-31 16:00:00,0.85,605
DsWalbrzWyso-C6H6-1g,2026-08-31 15:00:00,0.68,605
DsWalbrzWyso-C6H6-1g,2026-08-31 14:00:00,0.68,605
DsWalbrzWyso-C6H6-1g,2026-08-31 13:00:00,0.37,605
DsWalbrzWyso-C6H6-1g,2026-08-31 12:00:00,0.68,605
DsWalbrzWyso-C6H6-1g,2026-08-31 11:00:00,1.45,605
DsWalbrzWyso-C6H6-1g,2026-08-31 10:00:00,1.29,605
DsWalbrzWyso-C6H6-1g,2026-08-31 09:00:00,0.73,605
DsWalbrzWyso-C6H6-1g,2026-08-31 08:00:00,1.01,605
DsWalbrzWyso-C6H6-1g,2026-08-31 07:00:00,0.91,605
DsWalbrzWyso-C6H6-1g,2026-08-31 06:00:00,0.93,605
DsWalbrzWyso-C6H6-1g,2026-08-31 05:00:00,1.03,605
DsWalbrzWyso-NO-1g,2026-09-01 00:00:00,2.1,613
DsWalbrzWyso-NO-1g,2026-08-31 23:00:00,1.7,613
DsWalbrzWyso-NO-1g,2026-08-31 22:00:00,4.3,613
DsWalbrzWyso-NO-1g,2026-08-31 21:00:00,0.7,613
DsWalbrzWyso-NO-1g,2026-08-31 20:00:00,0.6,613
DsWalbrzWyso-NO-1g,2026-08-31 19:00:00,0.8,613
DsWalbrzWyso-NO-1g,2026-08-31 18:00:00,0.9,613
DsWalbrzWyso-NO-1g,2026-08-31 17:00:00,0.9,613
DsWalbrzWyso-NO-1g,2026-08-31 16:00:00,2.0,613
DsWalbrzWyso-NO-1g,2026-08-31 15:00:00,5.7,613
DsWalbrzWyso-NO-1g,2026-08-31 14:00:00,5.8,613
DsWalbrzWyso-NO-1g,2026-08-31 13:00:00,6.6,613
DsWalbrzWyso-NO-1g,2026-08-31 12:00:00,2.9,613
DsWalbrzWyso-NO-1g,2026-08-31 11:00:00,32.3,613
DsWalbrzWyso-NO-1g,2026-08-31 10:00:00,6.1,613
DsWalbrzWyso-NO-1g,2026-08-31 09:00:00,6.1,613
DsWalbrzWyso-NO-1g,2026-08-31 08:00:00,17.5,613
DsWalbrzWyso-NO-1g,2026-08-31 07:00:00,6.5,613
DsWalbrzWyso-NO-1g,2026-08-31 06:00:00,0.5,613
DsWalbrzWyso-NO-1g,2026-08-31 05:00:00,0.5,613
DsWalbrzWyso-NO2-1g,2026-09-01 00:00:00,20.8,614
DsWalbrzWyso-NO2-1g,2026-08-31 23:00:00,21.1,614
DsWalbrzWyso-NO2-1g,2026-08-31 22:00:00,27.0,614
DsWalbrzWyso-NO2-1g,2026-08-31 21:00:00,20.1,614
DsWalbrzWyso-NO2-1g,2026-08-31 20:00:00,7.8,614
DsWalbrzWyso-NO2-1g,2026-08-31 19:00:00,8.0,614
DsWalbrzWyso-NO2-1g,2026-08-31 18:00:00,4.9,614
DsWalbrzWyso-NO2-1g,2026-08-31 17:00:00,5.9,614
DsWalbrzWyso-NO2-1g,2026-08-31 16:00:00,7.1,614
DsWalbrzWyso-NO2-1g,2026-08-31 15:00:00,6.6,614
DsWalbrzWyso-NO2-1g,2026-08-31 14:00:00,8.9,614
DsWalbrzWyso-NO2-1g,2026-08-31 13:00:00,15.1,614
DsWalbrzWyso-NO2-1g,2026-08-31 12:00:00,15.7,614
DsWalbrzWyso-NO2-1g,2026-08-31 11:00:00,32.3,614
DsWalbrzWyso-NO2-1g,2026-08-31 10:00:00,20.7,614
DsWalbrzWyso-NO2-1g,2026-08-31 09:00:00,18.3,614
DsWalbrzWyso-NO2-1g,2026-08-31 08:00:00,19.4,614
DsWalbrzWyso-NO2-1g,2026-08-31 07:00:00,20.6,614
DsWalbrzWyso-NO2-1g,2026-08-31 06:00:00,8.2,614
DsWalbrzWyso-NO2-1g,2026-08-31 05:00:00,5.5,614
DsWalbrzWyso-NOx-1g,2026-09-01 00:00:00,24.0,615
DsWalbrzWyso-NOx-1g,2026-08-31 23:00:00,23.7,615
DsWalbrzWyso-NOx-1g,2026-08-31 22:00:00,33.5,615
DsWalbrzWyso-NOx-1g,2026-08-31 21:00:00,21.2,615
DsWalbrzWyso-NOx-1g,2026-08-31 20:00:00,8.7,615
DsWalbrzWyso-NOx-1g,2026-08-31 19:00:00,9.2,615
DsWalbrzWyso-NOx-1g,2026-08-31 18:00:00,6.3,615
DsWalbrzWyso-NOx-1g,2026-08-31 17:00:00,7.4,615
DsWalbrzWyso-NOx-1g,2026-08-31 16:00:00,10.2,615
DsWalbrzWyso-NOx-1g,2026-08-31 15:00:00,15.3,615
DsWalbrzWyso-NOx-1g,2026-08-31 14:00:00,17.8,615
DsWalbrzWyso-NOx-1g,2026-08-31 13:00:00,25.2,615
DsWalbrzWyso-NOx-1g,2026-08-31 12:00:00,20.1,615
DsWalbrzWyso-NOx-1g,2026-08-31 11:00:00,81.9,615
DsWalbrzWyso-NOx-1g,2026-08-31 10:00:00,30.1,615
DsWalbrzWyso-NOx-1g,2026-08-31 09:00:00,27.7,615
DsWalbrzWyso-NOx-1g,2026-08-31 08:00:00,46.2,615
DsWalbrzWyso-NOx-1g,2026-08-31 07:00:00,30.6,615
DsWalbrzWyso-NOx-1g,2026-08-31 06:00:00,9.0,615
DsWalbrzWyso-NOx-1g,2026-08-31 05:00:00,6.3,615
DsWalbrzWyso-O3-1g,2026-09-01 00:00:00,8.0,616
DsWalbrzWyso-O3-1g,2026-08-31 23:00:00,8.0,616
DsWalbrzWyso-O3-1g,2026-08-31 22:00:00,6.1,616
DsWalbrzWyso-O3-1g,2026-08-31 21:00:00,27.9,616
DsWalbrzWyso-O3-1g,2026-08-31 20:00:00,48.4,616
DsWalbrzWyso-O3-1g,2026-08-31 19:00:00,66.4,616
DsWalbrzWyso-O3-1g,2026-08-31 18:00:00,69.9,616
DsWalbrzWyso-O3-1g,2026-08-31 17:00:00,67.4,616
DsWalbrzWyso-O3-1g,2026-08-31 16:00:00,63.8,616
DsWalbrzWyso-O3-1g,2026-08-31 15:00:00,60.7,616
DsWalbrzWyso-O3-1g,2026-08-31 14:00:00,59.4,616
DsWalbrzWyso-O3-1g,2026-08-31 13:00:00,37.3,616
DsWalbrzWyso-O3-1g,2026-08-31 12:00:00,36.2,616
DsWalbrzWyso-O3-1g,2026-08-31 11:00:00,28.6,616
DsWalbrzWyso-O3-1g,2026-08-31 10:00:00,31.5,616
DsWalbrzWyso-O3-1g,2026-08-31 09:00:00,36.9,616
DsWalbrzWyso-O3-1g,2026-08-31 08:00:00,12.3,616
DsWalbrzWyso-O3-1g,2026-08-31 07:00:00,5.2,616
DsWalbrzWyso-O3-1g,2026-08-31 06:00:00,13.1,616
DsWalbrzWyso-O3-1g,2026-08-31 05:00:00,15.0,616
DsWalbrzWyso-PM10-1g,2026-09-01 00:00:00,14.0,618
DsWalbrzWyso-PM10-1g,2026-08-31 23:00:00,15.5,618
DsWalbrzWyso-PM10-1g,2026-08-31 22:00:00,14.1,618
DsWalbrzWyso-PM10-1g,2026-08-31 21:00:00,11.0,618
DsWalbrzWyso-PM10-1g,2026-08-31 20:00:00,8.9,618
DsWalbrzWyso-PM10-1g,2026-08-31 19:00:00,9.2,618
DsWalbrzWyso-PM10-1g,2026-08-31 18:00:00,8.3,618
DsWalbrzWyso-PM10-1g,2026-08-31 17:00:00,8.6,618
DsWalbrzWyso-PM10-1g,2026-08-31 16:00:00,9.4,618
DsWalbrzWyso-PM10-1g,2026-08-31 15:00:00,7.3,618
DsWalbrzWyso-PM10-1g,2026-08-31 14:00:00,6.4,618
DsWalbrzWyso-PM10-1g,2026-08-31 13:00:00,6.8,618
DsWalbrzWyso-PM10-1g,2026-08-31 12:00:00,9.5,618
DsWalbrzWyso-PM10-1g,2026-08-31 11:00:00,12.2,618
DsWalbrzWyso-PM10-1g,2026-08-31 10:00:00,11.7,618
DsWalbrzWyso-PM10-1g,2026-08-31 09:00:00,9.1,618
DsWalbrzWyso-PM10-1g,2026-08-31 08:00:00,10.6,618
DsWalbrzWyso-PM10-1g,2026-08-31 07:00:00,9.6,618
DsWalbrzWyso-PM10-1g,2026-08-31 06:00:00,9.6,618
DsWalbrzWyso-PM10-1g,2026-08-31 05:00:00,9.5,618
DsWalbrzWyso-SO2-1g,2026-09-01 00:00:00,14.8,621
DsWalbrzWyso-SO2-1g,2026-08-31 23:00:00,15.0,621
DsWalbrzWyso-SO2-1g,2026-08-31 22:00:00,15.6,621
DsWalbrzWyso-SO2-1g,2026-08-31 21:00:00,15.8,621
DsWalbrzWyso-SO2-1g,2026-08-31 20:00:00,16.8,621
DsWalbrzWyso-SO2-1g,2026-08-31 19:00:00,18.3,621
DsWalbrzWyso-SO2-1g,2026-08-31 18:00:00,17.2,621
DsWalbrzWyso-SO2-1g,2026-08-31 17:00:00,18.5,621
DsWalbrzWyso-SO2-1g,2026-08-31 16:00:00,18.9,621
DsWalbrzWyso-SO2-1g,2026-08-31 15:00:00,18.2,621
DsWalbrzWyso-SO2-1g,2026-08-31 14:00:00,17.7,621
DsWalbrzWyso-SO2-1g,2026-08-31 13:00:00,16.5,621
DsWalbrzWyso-SO2-1g,2026-08-31 12:00:00,16.3,621
DsWalbrzWyso-SO2-1g,2026-08-31 11:00:00,18.5,621
DsWalbrzWyso-SO2-1g,2026-08-31 10:00:00,18.5,621
DsWalbrzWyso-SO2-1g,2026-08-31 09:00:00,16.9,621
DsWalbrzWyso-SO2-1g,2026-08-31 08:00:00,15.8,621
DsWalbrzWyso-SO2-1g,2026-08-31 07:00:00,15.9,621
DsWalbrzWyso-SO2-1g,2026-08-31 06:00:00,15.2,621
DsWalbrzWyso-SO2-1g,2026-08-31 05:00:00,15.6,621
DsWalbrzWyso-PM2.5-1g,2026-09-01 00:00:00,8.6,32600
DsWalbrzWyso-PM2.5-1g,2026-08-31 23:00:00,9.3,32600
DsWalbrzWyso-PM2.5-1g,2026-08-31 22:00:00,8.0,32600
DsWalbrzWyso-PM2.5-1g,2026-08-31 21:00:00,6.6,32600
DsWalbrzWyso-PM2.5-1g,2026-08-31 20:00:00,6.0,32600
DsWalbrzWyso-PM2.5-1g,2026-08-31 19:00:00,6.6,32600
DsWalbrzWyso-PM2.5-1g,2026-08-31 18:00:00,6.1,32600
DsWalbrzWyso-PM2.5-1g,2026-08-31 17:00:00,6.5,32600
DsWalbrzWyso-PM2.5-1g,2026-08-31 16:00:00,7.5,32600
DsWalbrzWyso-PM2.5-1g,2026-08-31 15:00:00,5.7,32600
DsWalbrzWyso-PM2.5-1g,2026-08-31 14:00:00,5.1,32600
DsWalbrzWyso-PM2.5-1g,2026-08-31 13:00:00,5.3,32600
DsWalbrzWyso-PM2.5-1g,2026-08-31 12:00:00,6.8,32600
DsWalbrzWyso-PM2.5-1g,2026-08-31 11:00:00,7.0,32600
DsWalbrzWyso-PM2.5-1g,2026-08-31 10:00:00,7.2,32600
DsWalbrzWyso-PM2.5-1g,2026-08-31 09:00:00,6.2,32600
DsWalbrzWyso-PM2.5-1g,2026-08-31 08:00:00,7.1,32600
DsWalbrzWyso-PM2.5-1g,2026-08-31 07:00:00,6.6,32600
DsWalbrzWyso-PM2.5-1g,2026-08-31 06:00:00,6.8,32600
DsWalbrzWyso-PM2.5-1g,2026-08-31 05:00:00,6.9,32600
DsWrocBartni-NO-1g,2026-09-01 00:00:00,1.0,641
DsWrocBartni-NO-1g,2026-08-31 23:00:00,0.9,641
DsWrocBartni-NO-1g,2026-08-31 22:00:00,0.9,641
DsWrocBartni-NO-1g,2026-08-31 21:00:00,0.8,641
DsWrocBartni-NO-1g,2026-08-31 20:00:00,0.4,641
DsWrocBartni-NO-1g,2026-08-31 19:00:00,0.7,641
DsWrocBartni-NO-1g,2026-08-31 18:00:00,0.8,641
DsWrocBartni-NO-1g,2026-08-31 17:00:00,1.0,641
DsWrocBartni-NO-1g,2026-08-31 16:00:00,1.3,641
DsWrocBartni-NO-1g,2026-08-31 15:00:00,2.8,641
DsWrocBartni-NO-1g,2026-08-31 14:00:00,3.1,641
DsWrocBartni-NO-1g,2026-08-31 13:00:00,2.3,641
DsWrocBartni-NO-1g,2026-08-31 12:00:00,5.2,641
DsWrocBartni-NO-1g,2026-08-31 11:00:00,7.9,641
DsWrocBartni-NO-1g,2026-08-31 10:00:00,5.0,641
DsWrocBartni-NO-1g,2026-08-31 09:00:00,9.6,641
DsWrocBartni-NO-1g,2026-08-31 08:00:00,19.0,641
DsWrocBartni-NO-1g,2026-08-31 07:00:00,10.6,641
DsWrocBartni-NO-1g,2026-08-31 06:00:00,6.2,641
DsWrocBartni-NO-1g,2026-08-31 05:00:00,4.9,641
DsWrocBartni-NO2-1g,2026-09-01 00:00:00,7.5,642
DsWrocBartni-NO2-1g,2026-08-31 23:00:00,8.1,642
DsWrocBartni-NO2-1g,2026-08-31 22:00:00,8.9,642
DsWrocBartni-NO2-1g,2026-08-31 21:00:00,9.8,642
DsWrocBartni-NO2-1g,2026-08-31 20:00:00,9.1,642
DsWrocBartni-NO2-1g,2026-08-31 19:00:00,6.3,642
DsWrocBartni-NO2-1g,2026-08-31 18:00:00,4.6,642
DsWrocBartni-NO2-1g,2026-08-31 17:00:00,3.4,642
DsWrocBartni-NO2-1g,2026-08-31 16:00:00,3.6,642
DsWrocBartni-NO2-1g,2026-08-31 15:00:00,5.4,642
DsWrocBartni-NO2-1g,2026-08-31 14:00:00,10.5,642
DsWrocBartni-NO2-1g,2026-08-31 13:00:00,13.8,642
DsWrocBartni-NO2-1g,2026-08-31 12:00:00,18.9,642
DsWrocBartni-NO2-1g,2026-08-31 11:00:00,19.4,642
DsWrocBartni-NO2-1g,2026-08-31 10:00:00,12.2,642
DsWrocBartni-NO2-1g,2026-08-31 09:00:00,14.3,642
DsWrocBartni-NO2-1g,2026-08-31 08:00:00,14.4,642
DsWrocBartni-NO2-1g,2026-08-31 07:00:00,12.8,642
DsWrocBartni-NO2-1g,2026-08-31 06:00:00,10.8,642
DsWrocBartni-NO2-1g,2026-08-31 05:00:00,12.0,642
DsWrocBartni-NOx-1g,2026-09-01 00:00:00,9.0,643
DsWrocBartni-NOx-1g,2026-08-31 23:00:00,9.6,643
DsWrocBartni-NOx-1g,2026-08-31 22:00:00,10.3,643
DsWrocBartni-NOx-1g,2026-08-31 21:00:00,11.0,643
DsWrocBartni-NOx-1g,2026-08-31 20:00:00,9.7,643
DsWrocBartni-NOx-1g,2026-08-31 19:00:00,7.5,643
DsWrocBartni-NOx-1g,2026-08-31 18:00:00,5.9,643
DsWrocBartni-NOx-1g,2026-08-31 17:00:00,5.0,643
DsWrocBartni-NOx-1g,2026-08-31 16:00:00,5.7,643
DsWrocBartni-NOx-1g,2026-08-31 15:00:00,9.6,643
DsWrocBartni-NOx-1g,2026-08-31 14:00:00,15.2,643
DsWrocBartni-NOx-1g,2026-08-31 13:00:00,17.3,643
DsWrocBartni-NOx-1g,2026-08-31 12:00:00,26.9,643
DsWrocBartni-NOx-1g,2026-08-31 11:00:00,31.6,643
DsWrocBartni-NOx-1g,2026-08-31 10:00:00,19.9,643
DsWrocBartni-NOx-1g,2026-08-31 09:00:00,29.0,643
DsWrocBartni-NOx-1g,2026-08-31 08:00:00,43.6,643
DsWrocBartni-NOx-1g,2026-08-31 07:00:00,29.1,643
DsWrocBartni-NOx-1g,2026-08-31 06:00:00,20.3,643
DsWrocBartni-NOx-1g,2026-08-31 05:00:00,19.5,643
DsWrocBartni-O3-1g,2026-09-01 00:00:00,48.8,644
DsWrocBartni-O3-1g,2026-08-31 23:00:00,52.6,644
DsWrocBartni-O3-1g,2026-08-31 22:00:00,59.5,644
DsWrocBartni-O3-1g,2026-08-31 21:00:00,65.3,644
DsWrocBartni-O3-1g,2026-08-31 20:00:00,70.1,644
DsWrocBartni-O3-1g,2026-08-31 19:00:00,75.3,644
DsWrocBartni-O3-1g,2026-08-31 18:00:00,76.3,644
DsWrocBartni-O3-1g,2026-08-31 17:00:00,73.6,644
DsWrocBartni-O3-1g,2026-08-31 16:00:00,70.3,644
DsWrocBartni-O3-1g,2026-08-31 15:00:00,61.1,644
DsWrocBartni-O3-1g,2026-08-31 14:00:00,51.7,644
DsWrocBartni-O3-1g,2026-08-31 13:00:00,52.6,644
DsWrocBartni-O3-1g,2026-08-31 12:00:00,24.9,644
DsWrocBartni-O3-1g,2026-08-31 11:00:00,28.8,644
DsWrocBartni-O3-1g,2026-08-31 10:00:00,40.3,644
DsWrocBartni-O3-1g,2026-08-31 09:00:00,28.1,644
DsWrocBartni-O3-1g,2026-08-31 08:00:00,6.9,644
DsWrocBartni-O3-1g,2026-08-31 07:00:00,3.1,644
DsWrocBartni-O3-1g,2026-08-31 06:00:00,3.0,644
DsWrocBartni-O3-1g,2026-08-31 05:00:00,3.8,644
DsWrocWybCon-C6H6-1g,2026-09-01 00:00:00,0.14,658
DsWrocWybCon-C6H6-1g,2026-08-31 23:00:00,0.22,658
DsWrocWybCon-C6H6-1g,2026-08-31 22:00:00,0.28,658
DsWrocWybCon-C6H6-1g,2026-08-31 21:00:00,0.14,658
DsWrocWybCon-C6H6-1g,2026-08-31 20:00:00,0.14,658
DsWrocWybCon-C6H6-1g,2026-08-31 19:00:00,0.33,658
DsWrocWybCon-C6H6-1g,2026-08-31 18:00:00,0.28,658
DsWrocWybCon-C6H6-1g,2026-08-31 17:00:00,0.1,658
DsWrocWybCon-C6H6-1g,2026-08-31 16:00:00,0.19,658
DsWrocWybCon-C6H6-1g,2026-08-31 15:00:00,0.56,658
DsWrocWybCon-C6H6-1g,2026-08-31 14:00:00,0.24,658
DsWrocWybCon-C6H6-1g,2026-08-31 13:00:00,0.19,658
DsWrocWybCon-C6H6-1g,2026-08-31 12:00:00,0.5,658
DsWrocWybCon-C6H6-1g,2026-08-31 11:00:00,0.56,658
DsWrocWybCon-C6H6-1g,2026-08-31 10:00:00,0.45,658
DsWrocWybCon-C6H6-1g,2026-08-31 09:00:00,,658
DsWrocWybCon-C6H6-1g,2026-08-31 08:00:00,,658
DsWrocWybCon-C6H6-1g,2026-08-31 07:00:00,,658
DsWrocWybCon-C6H6-1g,2026-08-31 06:00:00,,658
DsWrocWybCon-C6H6-1g,2026-08-31 05:00:00,,658
DsWrocWybCon-CO-1g,2026-09-01 00:00:00,337.0,660
DsWrocWybCon-CO-1g,2026-08-31 23:00:00,360.0,660
DsWrocWybCon-CO-1g,2026-08-31 22:00:00,407.0,660
DsWrocWybCon-CO-1g,2026-08-31 21:00:00,364.0,660
DsWrocWybCon-CO-1g,2026-08-31 20:00:00,339.0,660
DsWrocWybCon-CO-1g,2026-08-31 19:00:00,317.0,660
DsWrocWybCon-CO-1g,2026-08-31 18:00:00,303.0,660
DsWrocWybCon-CO-1g,2026-08-31 17:00:00,328.0,660
DsWrocWybCon-CO-1g,2026-08-31 16:00:00,360.0,660
DsWrocWybCon-CO-1g,2026-08-31 15:00:00,483.0,660
DsWrocWybCon-CO-1g,2026-08-31 14:00:00,426.0,660
DsWrocWybCon-CO-1g,2026-08-31 13:00:00,373.0,660
DsWrocWybCon-CO-1g,2026-08-31 12:00:00,452.0,660
DsWrocWybCon-CO-1g,2026-08-31 11:00:00,503.0,660
DsWrocWybCon-CO-1g,2026-08-31 10:00:00,452.0,660
DsWrocWybCon-CO-1g,2026-08-31 09:00:00,531.0,660
DsWrocWybCon-CO-1g,2026-08-31 08:00:00,589.0,660
DsWrocWybCon-CO-1g,2026-08-31 07:00:00,549.0,660
DsWrocWybCon-CO-1g,2026-08-31 06:00:00,502.0,660
DsWrocWybCon-CO-1g,2026-08-31 05:00:00,499.0,660
DsWrocWybCon-NO-1g,2026-09-01 00:00:00,2.5,664
DsWrocWybCon-NO-1g,2026-08-31 23:00:00,3.1,664
DsWrocWybCon-NO-1g,2026-08-31 22:00:00,3.3,664
DsWrocWybCon-NO-1g,2026-08-31 21:00:00,3.1,664
DsWrocWybCon-NO-1g,2026-08-31 20:00:00,3.4,664
DsWrocWybCon-NO-1g,2026-08-31 19:00:00,3.4,664
DsWrocWybCon-NO-1g,2026-08-31 18:00:00,2.7,664
DsWrocWybCon-NO-1g,2026-08-31 17:00:00,5.2,664
DsWrocWybCon-NO-1g,2026-08-31 16:00:00,5.5,664
DsWrocWybCon-NO-1g,2026-08-31 15:00:00,8.1,664
DsWrocWybCon-NO-1g,2026-08-31 14:00:00,9.0,664
DsWrocWybCon-NO-1g,2026-08-31 13:00:00,5.8,664
DsWrocWybCon-NO-1g,2026-08-31 12:00:00,17.2,664
DsWrocWybCon-NO-1g,2026-08-31 11:00:00,12.6,664
DsWrocWybCon-NO-1g,2026-08-31 10:00:00,14.0,664
DsWrocWybCon-NO-1g,2026-08-31 09:00:00,35.1,664
DsWrocWybCon-NO-1g,2026-08-31 08:00:00,48.2,664
DsWrocWybCon-NO-1g,2026-08-31 07:00:00,42.4,664
DsWrocWybCon-NO-1g,2026-08-31 06:00:00,17.9,664
DsWrocWybCon-NO-1g,2026-08-31 05:00:00,8.1,664
DsWrocWybCon-NO2-1g,2026-09-01 00:00:00,15.6,665
DsWrocWybCon-NO2-1g,2026-08-31 23:00:00,22.8,665
DsWrocWybCon-NO2-1g,2026-08-31 22:00:00,30.9,665
DsWrocWybCon-NO2-1g,2026-08-31 21:00:00,23.4,665
DsWrocWybCon-NO2-1g,2026-08-31 20:00:00,19.6,665
DsWrocWybCon-NO2-1g,2026-08-31 19:00:00,11.8,665
DsWrocWybCon-NO2-1g,2026-08-31 18:00:00,8.5,665
DsWrocWybCon-NO2-1g,2026-08-31 17:00:00,8.7,665
DsWrocWybCon-NO2-1g,2026-08-31 16:00:00,12.0,665
DsWrocWybCon-NO2-1g,2026-08-31 15:00:00,15.0,665
DsWrocWybCon-NO2-1g,2026-08-31 14:00:00,30.4,665
DsWrocWybCon-NO2-1g,2026-08-31 13:00:00,23.0,665
DsWrocWybCon-NO2-1g,2026-08-31 12:00:00,45.3,665
DsWrocWybCon-NO2-1g,2026-08-31 11:00:00,48.5,665
DsWrocWybCon-NO2-1g,2026-08-31 10:00:00,48.5,665
DsWrocWybCon-NO2-1g,2026-08-31 09:00:00,44.5,665
DsWrocWybCon-NO2-1g,2026-08-31 08:00:00,26.2,665
DsWrocWybCon-NO2-1g,2026-08-31 07:00:00,24.3,665
DsWrocWybCon-NO2-1g,2026-08-31 06:00:00,29.2,665
DsWrocWybCon-NO2-1g,2026-08-31 05:00:00,29.3,665
DsWrocWybCon-NOx-1g,2026-09-01 00:00:00,19.4,666
DsWrocWybCon-NOx-1g,2026-08-31 23:00:00,27.5,666
DsWrocWybCon-NOx-1g,2026-08-31 22:00:00,35.9,666
DsWrocWybCon-NOx-1g,2026-08-31 21:00:00,28.2,666
DsWrocWybCon-NOx-1g,2026-08-31 20:00:00,24.8,666
DsWrocWybCon-NOx-1g,2026-08-31 19:00:00,17.0,666
DsWrocWybCon-NOx-1g,2026-08-31 18:00:00,12.7,666
DsWrocWybCon-NOx-1g,2026-08-31 17:00:00,16.8,666
DsWrocWybCon-NOx-1g,2026-08-31 16:00:00,20.5,666
DsWrocWybCon-NOx-1g,2026-08-31 15:00:00,27.3,666
DsWrocWybCon-NOx-1g,2026-08-31 14:00:00,44.2,666
DsWrocWybCon-NOx-1g,2026-08-31 13:00:00,32.0,666
DsWrocWybCon-NOx-1g,2026-08-31 12:00:00,71.6,666
DsWrocWybCon-NOx-1g,2026-08-31 11:00:00,67.8,666
DsWrocWybCon-NOx-1g,2026-08-31 10:00:00,69.9,666
DsWrocWybCon-NOx-1g,2026-08-31 09:00:00,98.4,666
DsWrocWybCon-NOx-1g,2026-08-31 08:00:00,100.0,666
DsWrocWybCon-NOx-1g,2026-08-31 07:00:00,89.3,666
DsWrocWybCon-NOx-1g,2026-08-31 06:00:00,56.6,666
DsWrocWybCon-NOx-1g,2026-08-31 05:00:00,41.6,666
DsWrocWybCon-O3-1g,2026-09-01 00:00:00,51.2,667
DsWrocWybCon-O3-1g,2026-08-31 23:00:00,47.7,667
DsWrocWybCon-O3-1g,2026-08-31 22:00:00,41.9,667
DsWrocWybCon-O3-1g,2026-08-31 21:00:00,51.1,667
DsWrocWybCon-O3-1g,2026-08-31 20:00:00,58.0,667
DsWrocWybCon-O3-1g,2026-08-31 19:00:00,67.6,667
DsWrocWybCon-O3-1g,2026-08-31 18:00:00,70.8,667
DsWrocWybCon-O3-1g,2026-08-31 17:00:00,62.6,667
DsWrocWybCon-O3-1g,2026-08-31 16:00:00,54.2,667
DsWrocWybCon-O3-1g,2026-08-31 15:00:00,47.2,667
DsWrocWybCon-O3-1g,2026-08-31 14:00:00,35.2,667
DsWrocWybCon-O3-1g,2026-08-31 13:00:00,43.6,667
DsWrocWybCon-O3-1g,2026-08-31 12:00:00,14.6,667
DsWrocWybCon-O3-1g,2026-08-31 11:00:00,12.1,667
DsWrocWybCon-O3-1g,2026-08-31 10:00:00,14.8,667
DsWrocWybCon-O3-1g,2026-08-31 09:00:00,8.3,667
DsWrocWybCon-O3-1g,2026-08-31 08:00:00,1.1,667
DsWrocWybCon-O3-1g,2026-08-31 07:00:00,0.0,667
DsWrocWybCon-O3-1g,2026-08-31 06:00:00,0.2,667
DsWrocWybCon-O3-1g,2026-08-31 05:00:00,0.0,667
DsWrocWybCon-PM2.5-1g,2026-09-01 00:00:00,9.5,670
DsWrocWybCon-PM2.5-1g,2026-08-31 23:00:00,9.7,670
DsWrocWybCon-PM2.5-1g,2026-08-31 22:00:00,10.5,670
DsWrocWybCon-PM2.5-1g,2026-08-31 21:00:00,9.5,670
DsWrocWybCon-PM2.5-1g,2026-08-31 20:00:00,10.0,670
DsWrocWybCon-PM2.5-1g,2026-08-31 19:00:00,8.7,670
DsWrocWybCon-PM2.5-1g,2026-08-31 18:00:00,8.4,670
DsWrocWybCon-PM2.5-1g,2026-08-31 17:00:00,8.2,670
DsWrocWybCon-PM2.5-1g,2026-08-31 16:00:00,8.9,670
DsWrocWybCon-PM2.5-1g,2026-08-31 15:00:00,9.2,670
DsWrocWybCon-PM2.5-1g,2026-08-31 14:00:00,9.2,670
DsWrocWybCon-PM2.5-1g,2026-08-31 13:00:00,8.8,670
DsWrocWybCon-PM2.5-1g,2026-08-31 12:00:00,12.1,670
DsWrocWybCon-PM2.5-1g,2026-08-31 11:00:00,12.0,670
DsWrocWybCon-PM2.5-1g,2026-08-31 10:00:00,11.6,670
DsWrocWybCon-PM2.5-1g,2026-08-31 09:00:00,14.2,670
DsWrocWybCon-PM2.5-1g,2026-08-31 08:00:00,12.2,670
DsWrocWybCon-PM2.5-1g,2026-08-31 07:00:00,11.5,670
DsWrocWybCon-PM2.5-1g,2026-08-31 06:00:00,11.5,670
DsWrocWybCon-PM2.5-1g,2026-08-31 05:00:00,11.0,670
DsWrocWybCon-SO2-1g,2026-09-01 00:00:00,8.9,672
DsWrocWybCon-SO2-1g,2026-08-31 23:00:00,9.0,672
DsWrocWybCon-SO2-1g,2026-08-31 22:00:00,8.5,672
DsWrocWybCon-SO2-1g,2026-08-31 21:00:00,8.6,672
DsWrocWybCon-SO2-1g,2026-08-31 20:00:00,8.7,672
DsWrocWybCon-SO2-1g,2026-08-31 19:00:00,9.6,672
DsWrocWybCon-SO2-1g,2026-08-31 18:00:00,9.8,672
DsWrocWybCon-SO2-1g,2026-08-31 17:00:00,9.2,672
DsWrocWybCon-SO2-1g,2026-08-31 16:00:00,9.6,672
DsWrocWybCon-SO2-1g,2026-08-31 15:00:00,9.0,672
DsWrocWybCon-SO2-1g,2026-08-31 14:00:00,8.2,672
DsWrocWybCon-SO2-1g,2026-08-31 13:00:00,8.7,672
DsWrocWybCon-SO2-1g,2026-08-31 12:00:00,9.4,672
DsWrocWybCon-SO2-1g,2026-08-31 11:00:00,9.5,672
DsWrocWybCon-SO2-1g,2026-08-31 10:00:00,8.9,672
DsWrocWybCon-SO2-1g,2026-08-31 09:00:00,8.0,672
DsWrocWybCon-SO2-1g,2026-08-31 08:00:00,8.0,672
DsWrocWybCon-SO2-1g,2026-08-31 07:00:00,8.0,672
DsWrocWybCon-SO2-1g,2026-08-31 06:00:00,7.7,672
DsWrocWybCon-SO2-1g,2026-08-31 05:00:00,7.7,672
DsWrocAlWisn-CO-1g,2026-09-01 00:00:00,495.0,737
DsWrocAlWisn-CO-1g,2026-08-31 23:00:00,753.0,737
DsWrocAlWisn-CO-1g,2026-08-31 22:00:00,673.0,737
DsWrocAlWisn-CO-1g,2026-08-31 21:00:00,732.0,737
DsWrocAlWisn-CO-1g,2026-08-31 20:00:00,600.0,737
DsWrocAlWisn-CO-1g,2026-08-31 19:00:00,595.0,737
DsWrocAlWisn-CO-1g,2026-08-31 18:00:00,521.0,737
DsWrocAlWisn-CO-1g,2026-08-31 17:00:00,551.0,737
DsWrocAlWisn-CO-1g,2026-08-31 16:00:00,532.0,737
DsWrocAlWisn-CO-1g,2026-08-31 15:00:00,540.0,737
DsWrocAlWisn-CO-1g,2026-08-31 14:00:00,631.0,737
DsWrocAlWisn-CO-1g,2026-08-31 13:00:00,605.0,737
DsWrocAlWisn-CO-1g,2026-08-31 12:00:00,658.0,737
DsWrocAlWisn-CO-1g,2026-08-31 11:00:00,717.0,737
DsWrocAlWisn-CO-1g,2026-08-31 10:00:00,638.0,737
DsWrocAlWisn-CO-1g,2026-08-31 09:00:00,645.0,737
DsWrocAlWisn-CO-1g,2026-08-31 08:00:00,797.0,737
DsWrocAlWisn-CO-1g,2026-08-31 07:00:00,747.0,737
DsWrocAlWisn-CO-1g,2026-08-31 06:00:00,613.0,737
DsWrocAlWisn-CO-1g,2026-08-31 05:00:00,562.0,737
DsWrocAlWisn-NO-1g,2026-09-01 00:00:00,10.7,739
DsWrocAlWisn-NO-1g,2026-08-31 23:00:00,34.0,739
DsWrocAlWisn-NO-1g,2026-08-31 22:00:00,39.7,739
DsWrocAlWisn-NO-1g,2026-08-31 21:00:00,34.9,739
DsWrocAlWisn-NO-1g,2026-08-31 20:00:00,29.2,739
DsWrocAlWisn-NO-1g,2026-08-31 19:00:00,32.5,739
DsWrocAlWisn-NO-1g,2026-08-31 18:00:00,24.8,739
DsWrocAlWisn-NO-1g,2026-08-31 17:00:00,29.4,739
DsWrocAlWisn-NO-1g,2026-08-31 16:00:00,23.0,739
DsWrocAlWisn-NO-1g,2026-08-31 15:00:00,21.5,739
DsWrocAlWisn-NO-1g,2026-08-31 14:00:00,34.1,739
DsWrocAlWisn-NO-1g,2026-08-31 13:00:00,41.6,739
DsWrocAlWisn-NO-1g,2026-08-31 12:00:00,46.5,739
DsWrocAlWisn-NO-1g,2026-08-31 11:00:00,62.7,739
DsWrocAlWisn-NO-1g,2026-08-31 10:00:00,50.7,739
DsWrocAlWisn-NO-1g,2026-08-31 09:00:00,51.0,739
DsWrocAlWisn-NO-1g,2026-08-31 08:00:00,86.2,739
DsWrocAlWisn-NO-1g,2026-08-31 07:00:00,88.7,739
DsWrocAlWisn-NO-1g,2026-08-31 06:00:00,65.5,739
DsWrocAlWisn-NO-1g,2026-08-31 05:00:00,29.1,739
DsWrocAlWisn-NO2-1g,2026-09-01 00:00:00,26.9,740
DsWrocAlWisn-NO2-1g,2026-08-31 23:00:00,46.1,740
DsWrocAlWisn-NO2-1g,2026-08-31 22:00:00,54.0,740
DsWrocAlWisn-NO2-1g,2026-08-31 21:00:00,54.5,740
DsWrocAlWisn-NO2-1g,2026-08-31 20:00:00,50.0,740
DsWrocAlWisn-NO2-1g,2026-08-31 19:00:00,49.4,740
DsWrocAlWisn-NO2-1g,2026-08-31 18:00:00,33.5,740
DsWrocAlWisn-NO2-1g,2026-08-31 17:00:00,33.1,740
DsWrocAlWisn-NO2-1g,2026-08-31 16:00:00,27.8,740
DsWrocAlWisn-NO2-1g,2026-08-31 15:00:00,24.3,740
DsWrocAlWisn-NO2-1g,2026-08-31 14:00:00,43.2,740
DsWrocAlWisn-NO2-1g,2026-08-31 13:00:00,51.0,740
DsWrocAlWisn-NO2-1g,2026-08-31 12:00:00,37.3,740
DsWrocAlWisn-NO2-1g,2026-08-31 11:00:00,52.8,740
DsWrocAlWisn-NO2-1g,2026-08-31 10:00:00,54.5,740
DsWrocAlWisn-NO2-1g,2026-08-31 09:00:00,48.9,740
DsWrocAlWisn-NO2-1g,2026-08-31 08:00:00,45.2,740
DsWrocAlWisn-NO2-1g,2026-08-31 07:00:00,39.6,740
DsWrocAlWisn-NO2-1g,2026-08-31 06:00:00,36.4,740
DsWrocAlWisn-NO2-1g,2026-08-31 05:00:00,31.4,740
DsWrocAlWisn-NOx-1g,2026-09-01 00:00:00,43.4,741
DsWrocAlWisn-NOx-1g,2026-08-31 23:00:00,98.2,741
DsWrocAlWisn-NOx-1g,2026-08-31 22:00:00,114.8,741
DsWrocAlWisn-NOx-1g,2026-08-31 21:00:00,108.0,741
DsWrocAlWisn-NOx-1g,2026-08-31 20:00:00,94.8,741
DsWrocAlWisn-NOx-1g,2026-08-31 19:00:00,99.2,741
DsWrocAlWisn-NOx-1g,2026-08-31 18:00:00,71.5,741
DsWrocAlWisn-NOx-1g,2026-08-31 17:00:00,78.1,741
DsWrocAlWisn-NOx-1g,2026-08-31 16:00:00,63.1,741
DsWrocAlWisn-NOx-1g,2026-08-31 15:00:00,57.3,741
DsWrocAlWisn-NOx-1g,2026-08-31 14:00:00,95.4,741
DsWrocAlWisn-NOx-1g,2026-08-31 13:00:00,114.7,741
DsWrocAlWisn-NOx-1g,2026-08-31 12:00:00,108.7,741
DsWrocAlWisn-NOx-1g,2026-08-31 11:00:00,148.9,741
DsWrocAlWisn-NOx-1g,2026-08-31 10:00:00,132.1,741
DsWrocAlWisn-NOx-1g,2026-08-31 09:00:00,127.2,741
DsWrocAlWisn-NOx-1g,2026-08-31 08:00:00,177.3,741
DsWrocAlWisn-NOx-1g,2026-08-31 07:00:00,175.6,741
DsWrocAlWisn-NOx-1g,2026-08-31 06:00:00,136.8,741
DsWrocAlWisn-NOx-1g,2026-08-31 05:00:00,76.0,741
DsWrocAlWisn-PM2.5-1g,2026-09-01 00:00:00,5.9,744
DsWrocAlWisn-PM2.5-1g,2026-08-31 23:00:00,8.8,744
DsWrocAlWisn-PM2.5-1g,2026-08-31 22:00:00,8.0,744
DsWrocAlWisn-PM2.5-1g,2026-08-31 21:00:00,8.0,744
DsWrocAlWisn-PM2.5-1g,2026-08-31 20:00:00,6.7,744
DsWrocAlWisn-PM2.5-1g,2026-08-31 19:00:00,7.0,744
DsWrocAlWisn-PM2.5-1g,2026-08-31 18:00:00,5.0,744
DsWrocAlWisn-PM2.5-1g,2026-08-31 17:00:00,5.2,744
DsWrocAlWisn-PM2.5-1g,2026-08-31 16:00:00,5.6,744
DsWrocAlWisn-PM2.5-1g,2026-08-31 15:00:00,7.0,744
DsWrocAlWisn-PM2.5-1g,2026-08-31 14:00:00,7.1,744
DsWrocAlWisn-PM2.5-1g,2026-08-31 13:00:00,7.2,744
DsWrocAlWisn-PM2.5-1g,2026-08-31 12:00:00,8.9,744
DsWrocAlWisn-PM2.5-1g,2026-08-31 11:00:00,10.5,744
DsWrocAlWisn-PM2.5-1g,2026-08-31 10:00:00,8.3,744
DsWrocAlWisn-PM2.5-1g,2026-08-31 09:00:00,8.2,744
DsWrocAlWisn-PM2.5-1g,2026-08-31 08:00:00,10.3,744
DsWrocAlWisn-PM2.5-1g,2026-08-31 07:00:00,10.3,744
DsWrocAlWisn-PM2.5-1g,2026-08-31 06:00:00,9.1,744
DsWrocAlWisn-PM2.5-1g,2026-08-31 05:00:00,7.6,744
DsWrocAlWisn-PM10-1g,2026-09-01 00:00:00,13.6,33220
DsWrocAlWisn-PM10-1g,2026-08-31 23:00:00,19.9,33220
DsWrocAlWisn-PM10-1g,2026-08-31 22:00:00,18.4,33220
DsWrocAlWisn-PM10-1g,2026-08-31 21:00:00,20.3,33220
DsWrocAlWisn-PM10-1g,2026-08-31 20:00:00,15.7,33220
DsWrocAlWisn-PM10-1g,2026-08-31 19:00:00,14.4,33220
DsWrocAlWisn-PM10-1g,2026-08-31 18:00:00,10.4,33220
DsWrocAlWisn-PM10-1g,2026-08-31 17:00:00,11.8,33220
DsWrocAlWisn-PM10-1g,2026-08-31 16:00:00,12.4,33220
DsWrocAlWisn-PM10-1g,2026-08-31 15:00:00,12.8,33220
DsWrocAlWisn-PM10-1g,2026-08-31 14:00:00,11.6,33220
DsWrocAlWisn-PM10-1g,2026-08-31 13:00:00,11.2,33220
DsWrocAlWisn-PM10-1g,2026-08-31 12:00:00,18.7,33220
DsWrocAlWisn-PM10-1g,2026-08-31 11:00:00,25.2,33220
DsWrocAlWisn-PM10-1g,2026-08-31 10:00:00,20.0,33220
DsWrocAlWisn-PM10-1g,2026-08-31 09:00:00,19.5,33220
DsWrocAlWisn-PM10-1g,2026-08-31 08:00:00,22.5,33220
DsWrocAlWisn-PM10-1g,2026-08-31 07:00:00,19.6,33220
DsWrocAlWisn-PM10-1g,2026-08-31 06:00:00,19.3,33220
DsWrocAlWisn-PM10-1g,2026-08-31 05:00:00,15.6,33220
KpGrudPilsud-NO-1g,2026-09-01 00:00:00,,808
KpGrudPilsud-NO-1g,2026-08-31 23:00:00,6.4,808
KpGrudPilsud-NO-1g,2026-08-31 22:00:00,13.1,808
KpGrudPilsud-NO-1g,2026-08-31 21:00:00,13.4,808
KpGrudPilsud-NO-1g,2026-08-31 20:00:00,12.5,808
KpGrudPilsud-NO-1g,2026-08-31 19:00:00,9.6,808
KpGrudPilsud-NO-1g,2026-08-31 18:00:00,15.3,808
KpGrudPilsud-NO-1g,2026-08-31 17:00:00,19.1,808
KpGrudPilsud-NO-1g,2026-08-31 16:00:00,21.4,808
KpGrudPilsud-NO-1g,2026-08-31 15:00:00,21.1,808
KpGrudPilsud-NO-1g,2026-08-31 14:00:00,17.3,808
KpGrudPilsud-NO-1g,2026-08-31 13:00:00,15.7,808
KpGrudPilsud-NO-1g,2026-08-31 12:00:00,21.6,808
KpGrudPilsud-NO-1g,2026-08-31 11:00:00,24.3,808
KpGrudPilsud-NO-1g,2026-08-31 10:00:00,34.9,808
KpGrudPilsud-NO-1g,2026-08-31 09:00:00,38.0,808
KpGrudPilsud-NO-1g,2026-08-31 08:00:00,64.2,808
KpGrudPilsud-NO-1g,2026-08-31 07:00:00,48.3,808
KpGrudPilsud-NO-1g,2026-08-31 06:00:00,22.9,808
KpGrudPilsud-NO-1g,2026-08-31 05:00:00,5.2,808
KpGrudPilsud-NO2-1g,2026-09-01 00:00:00,,809
KpGrudPilsud-NO2-1g,2026-08-31 23:00:00,29.7,809
KpGrudPilsud-NO2-1g,2026-08-31 22:00:00,38.6,809
KpGrudPilsud-NO2-1g,2026-08-31 21:00:00,39.1,809
KpGrudPilsud-NO2-1g,2026-08-31 20:00:00,42.7,809
KpGrudPilsud-NO2-1g,2026-08-31 19:00:00,40.8,809
KpGrudPilsud-NO2-1g,2026-08-31 18:00:00,46.1,809
KpGrudPilsud-NO2-1g,2026-08-31 17:00:00,45.4,809
KpGrudPilsud-NO2-1g,2026-08-31 16:00:00,47.1,809
KpGrudPilsud-NO2-1g,2026-08-31 15:00:00,50.1,809
KpGrudPilsud-NO2-1g,2026-08-31 14:00:00,46.5,809
KpGrudPilsud-NO2-1g,2026-08-31 13:00:00,40.1,809
KpGrudPilsud-NO2-1g,2026-08-31 12:00:00,38.6,809
KpGrudPilsud-NO2-1g,2026-08-31 11:00:00,36.8,809
KpGrudPilsud-NO2-1g,2026-08-31 10:00:00,35.7,809
KpGrudPilsud-NO2-1g,2026-08-31 09:00:00,32.8,809
KpGrudPilsud-NO2-1g,2026-08-31 08:00:00,32.3,809
KpGrudPilsud-NO2-1g,2026-08-31 07:00:00,29.5,809
KpGrudPilsud-NO2-1g,2026-08-31 06:00:00,23.0,809
KpGrudPilsud-NO2-1g,2026-08-31 05:00:00,19.2,809
KpGrudPilsud-NOx-1g,2026-09-01 00:00:00,,810
KpGrudPilsud-NOx-1g,2026-08-31 23:00:00,39.5,810
KpGrudPilsud-NOx-1g,2026-08-31 22:00:00,58.7,810
KpGrudPilsud-NOx-1g,2026-08-31 21:00:00,59.7,810
KpGrudPilsud-NOx-1g,2026-08-31 20:00:00,61.9,810
KpGrudPilsud-NOx-1g,2026-08-31 19:00:00,55.5,810
KpGrudPilsud-NOx-1g,2026-08-31 18:00:00,69.6,810
KpGrudPilsud-NOx-1g,2026-08-31 17:00:00,74.8,810
KpGrudPilsud-NOx-1g,2026-08-31 16:00:00,80.0,810
KpGrudPilsud-NOx-1g,2026-08-31 15:00:00,82.5,810
KpGrudPilsud-NOx-1g,2026-08-31 14:00:00,73.1,810
KpGrudPilsud-NOx-1g,2026-08-31 13:00:00,64.1,810
KpGrudPilsud-NOx-1g,2026-08-31 12:00:00,71.8,810
KpGrudPilsud-NOx-1g,2026-08-31 11:00:00,74.0,810
KpGrudPilsud-NOx-1g,2026-08-31 10:00:00,89.2,810
KpGrudPilsud-NOx-1g,2026-08-31 09:00:00,91.1,810
KpGrudPilsud-NOx-1g,2026-08-31 08:00:00,130.8,810
KpGrudPilsud-NOx-1g,2026-08-31 07:00:00,103.6,810
KpGrudPilsud-NOx-1g,2026-08-31 06:00:00,58.1,810
KpGrudPilsud-NOx-1g,2026-08-31 05:00:00,27.2,810
KpGrudPilsud-PM10-1g,2026-09-01 00:00:00,,812
KpGrudPilsud-PM10-1g,2026-08-31 23:00:00,20.8,812
KpGrudPilsud-PM10-1g,2026-08-31 22:00:00,21.0,812
KpGrudPilsud-PM10-1g,2026-08-31 21:00:00,22.9,812
KpGrudPilsud-PM10-1g,2026-08-31 20:00:00,19.3,812
KpGrudPilsud-PM10-1g,2026-08-31 19:00:00,24.5,812
KpGrudPilsud-PM10-1g,2026-08-31 18:00:00,22.3,812
KpGrudPilsud-PM10-1g,2026-08-31 17:00:00,18.3,812
KpGrudPilsud-PM10-1g,2026-08-31 16:00:00,20.8,812
KpGrudPilsud-PM10-1g,2026-08-31 15:00:00,21.0,812
KpGrudPilsud-PM10-1g,2026-08-31 14:00:00,19.1,812
KpGrudPilsud-PM10-1g,2026-08-31 13:00:00,19.9,812
KpGrudPilsud-PM10-1g,2026-08-31 12:00:00,26.4,812
KpGrudPilsud-PM10-1g,2026-08-31 11:00:00,32.6,812
KpGrudPilsud-PM10-1g,2026-08-31 10:00:00,42.2,812
KpGrudPilsud-PM10-1g,2026-08-31 09:00:00,42.1,812
KpGrudPilsud-PM10-1g,2026-08-31 08:00:00,36.5,812
KpGrudPilsud-PM10-1g,2026-08-31 07:00:00,29.5,812
KpGrudPilsud-PM10-1g,2026-08-31 06:00:00,15.1,812
KpGrudPilsud-PM10-1g,2026-08-31 05:00:00,13.1,812
KpInowSolank-PM10-1g,2026-09-01 00:00:00,8.3,828
KpInowSolank-PM10-1g,2026-08-31 23:00:00,7.5,828
KpInowSolank-PM10-1g,2026-08-31 22:00:00,10.1,828
KpInowSolank-PM10-1g,2026-08-31 21:00:00,11.8,828
KpInowSolank-PM10-1g,2026-08-31 20:00:00,12.6,828
KpInowSolank-PM10-1g,2026-08-31 19:00:00,15.4,828
KpInowSolank-PM10-1g,2026-08-31 18:00:00,17.7,828
KpInowSolank-PM10-1g,2026-08-31 17:00:00,16.2,828
KpInowSolank-PM10-1g,2026-08-31 16:00:00,19.0,828
KpInowSolank-PM10-1g,2026-08-31 15:00:00,17.9,828
KpInowSolank-PM10-1g,2026-08-31 14:00:00,16.1,828
KpInowSolank-PM10-1g,2026-08-31 13:00:00,10.6,828
KpInowSolank-PM10-1g,2026-08-31 12:00:00,6.9,828
KpInowSolank-PM10-1g,2026-08-31 11:00:00,4.1,828
KpInowSolank-PM10-1g,2026-08-31 10:00:00,3.7,828
KpInowSolank-PM10-1g,2026-08-31 09:00:00,3.8,828
KpInowSolank-PM10-1g,2026-08-31 08:00:00,4.7,828
KpInowSolank-PM10-1g,2026-08-31 07:00:00,4.0,828
KpInowSolank-PM10-1g,2026-08-31 06:00:00,,828
KpInowSolank-PM10-1g,2026-08-31 05:00:00,,828
KpToruWSikor-PM10-1g,2026-09-01 00:00:00,3.0,853
KpToruWSikor-PM10-1g,2026-08-31 23:00:00,2.9,853
KpToruWSikor-PM10-1g,2026-08-31 22:00:00,6.8,853
KpToruWSikor-PM10-1g,2026-08-31 21:00:00,18.9,853
KpToruWSikor-PM10-1g,2026-08-31 20:00:00,,853
KpToruWSikor-PM10-1g,2026-08-31 19:00:00,,853
KpToruWSikor-PM10-1g,2026-08-31 18:00:00,,853
KpToruWSikor-PM10-1g,2026-08-31 17:00:00,,853
KpToruWSikor-PM10-1g,2026-08-31 16:00:00,,853
KpToruWSikor-PM10-1g,2026-08-31 15:00:00,,853
KpToruWSikor-PM10-1g,2026-08-31 14:00:00,,853
KpToruWSikor-PM10-1g,2026-08-31 13:00:00,,853
KpToruWSikor-PM10-1g,2026-08-31 12:00:00,16.4,853
KpToruWSikor-PM10-1g,2026-08-31 11:00:00,7.9,853
KpToruWSikor-PM10-1g,2026-08-31 10:00:00,2.4,853
KpToruWSikor-PM10-1g,2026-08-31 09:00:00,2.7,853
KpToruWSikor-PM10-1g,2026-08-31 08:00:00,3.0,853
KpToruWSikor-PM10-1g,2026-08-31 07:00:00,3.0,853
KpToruWSikor-PM10-1g,2026-08-31 06:00:00,,853
KpToruWSikor-PM10-1g,2026-08-31 05:00:00,,853
DsCzerStraza-NO-1g,2026-09-01 05:00:00,0.7,49
DsCzerStraza-NO-1g,2026-09-01 04:00:00,0.5,49
DsCzerStraza-NO-1g,2026-09-01 03:00:00,0.7,49
DsCzerStraza-NO-1g,2026-09-01 02:00:00,0.5,49
DsCzerStraza-NO-1g,2026-09-01 01:00:00,0.7,49
DsCzerStraza-NO2-1g,2026-09-01 05:00:00,1.2,50
DsCzerStraza-NO2-1g,2026-09-01 04:00:00,1.4,50
DsCzerStraza-NO2-1g,2026-09-01 03:00:00,1.8,50
DsCzerStraza-NO2-1g,2026-09-01 02:00:00,1.8,50
DsCzerStraza-NO2-1g,2026-09-01 01:00:00,2.1,50
DsCzerStraza-NOx-1g,2026-09-01 05:00:00,2.3,51
DsCzerStraza-NOx-1g,2026-09-01 04:00:00,2.2,51
DsCzerStraza-NOx-1g,2026-09-01 03:00:00,2.9,51
DsCzerStraza-NOx-1g,2026-09-01 02:00:00,2.5,51
DsCzerStraza-NOx-1g,2026-09-01 01:00:00,3.1,51
DsCzerStraza-O3-1g,2026-09-01 05:00:00,70.5,52
DsCzerStraza-O3-1g,2026-09-01 04:00:00,71.2,52
DsCzerStraza-O3-1g,2026-09-01 03:00:00,73.7,52
DsCzerStraza-O3-1g,2026-09-01 02:00:00,73.7,52
DsCzerStraza-O3-1g,2026-09-01 01:00:00,73.2,52
DsCzerStraza-PM10-1g,2026-09-01 05:00:00,,54
DsCzerStraza-PM10-1g,2026-09-01 04:00:00,3.6,54
DsCzerStraza-PM10-1g,2026-09-01 03:00:00,5.6,54
DsCzerStraza-PM10-1g,2026-09-01 02:00:00,7.1,54
DsCzerStraza-PM10-1g,2026-09-01 01:00:00,6.0,54
DsDziePilsud-PM10-1g,2026-09-01 05:00:00,,101
DsDziePilsud-PM10-1g,2026-09-01 04:00:00,2.2,101
DsDziePilsud-PM10-1g,2026-09-01 03:00:00,2.1,101
DsDziePilsud-PM10-1g,2026-09-01 02:00:00,2.3,101
DsDziePilsud-PM10-1g,2026-09-01 01:00:00,3.2,101
DsKlodzSzkol-NO-1g,2026-09-01 05:00:00,0.4,220
DsKlodzSzkol-NO-1g,2026-09-01 04:00:00,0.5,220
DsKlodzSzkol-NO-1g,2026-09-01 03:00:00,0.8,220
DsKlodzSzkol-NO-1g,2026-09-01 02:00:00,0.6,220
DsKlodzSzkol-NO-1g,2026-09-01 01:00:00,0.4,220
DsKlodzSzkol-NO2-1g,2026-09-01 05:00:00,7.8,221
DsKlodzSzkol-NO2-1g,2026-09-01 04:00:00,8.7,221
DsKlodzSzkol-NO2-1g,2026-09-01 03:00:00,8.8,221
DsKlodzSzkol-NO2-1g,2026-09-01 02:00:00,7.5,221
DsKlodzSzkol-NO2-1g,2026-09-01 01:00:00,7.9,221
DsKlodzSzkol-NOx-1g,2026-09-01 05:00:00,8.4,222
DsKlodzSzkol-NOx-1g,2026-09-01 04:00:00,9.5,222
DsKlodzSzkol-NOx-1g,2026-09-01 03:00:00,10.0,222
DsKlodzSzkol-NOx-1g,2026-09-01 02:00:00,8.4,222
DsKlodzSzkol-NOx-1g,2026-09-01 01:00:00,8.6,222
DsKlodzSzkol-O3-1g,2026-09-01 05:00:00,27.5,223
DsKlodzSzkol-O3-1g,2026-09-01 04:00:00,22.2,223
DsKlodzSzkol-O3-1g,2026-09-01 03:00:00,20.9,223
DsKlodzSzkol-O3-1g,2026-09-01 02:00:00,25.7,223
DsKlodzSzkol-O3-1g,2026-09-01 01:00:00,32.2,223
DsKlodzSzkol-PM10-1g,2026-09-01 05:00:00,10.2,224
DsKlodzSzkol-PM10-1g,2026-09-01 04:00:00,10.6,224
DsKlodzSzkol-PM10-1g,2026-09-01 03:00:00,11.8,224
DsKlodzSzkol-PM10-1g,2026-09-01 02:00:00,11.4,224
DsKlodzSzkol-PM10-1g,2026-09-01 01:00:00,10.1,224
DsKlodzSzkol-PM2.5-1g,2026-09-01 05:00:00,4.7,25988
DsKlodzSzkol-PM2.5-1g,2026-09-01 04:00:00,5.4,25988
DsKlodzSzkol-PM2.5-1g,2026-09-01 03:00:00,6.1,25988
DsKlodzSzkol-PM2.5-1g,2026-09-01 02:00:00,6.2,25988
DsKlodzSzkol-PM2.5-1g,2026-09-01 01:00:00,6.1,25988
DsLegAlRzecz-C6H6-1g,2026-09-01 05:00:00,0.16,282
DsLegAlRzecz-C6H6-1g,2026-09-01 04:00:00,0.15,282
DsLegAlRzecz-C6H6-1g,2026-09-01 03:00:00,0.18,282
DsLegAlRzecz-C6H6-1g,2026-09-01 02:00:00,0.21,282
DsLegAlRzecz-C6H6-1g,2026-09-01 01:00:00,0.11,282
DsLegAlRzecz-NO-1g,2026-09-01 05:00:00,0.2,290
DsLegAlRzecz-NO-1g,2026-09-01 04:00:00,,290
DsLegAlRzecz-NO-1g,2026-09-01 03:00:00,0.1,290
DsLegAlRzecz-NO-1g,2026-09-01 02:00:00,0.1,290
DsLegAlRzecz-NO-1g,2026-09-01 01:00:00,,290
DsLegAlRzecz-NO2-1g,2026-09-01 05:00:00,3.3,291
DsLegAlRzecz-NO2-1g,2026-09-01 04:00:00,3.3,291
DsLegAlRzecz-NO2-1g,2026-09-01 03:00:00,6.4,291
DsLegAlRzecz-NO2-1g,2026-09-01 02:00:00,4.9,291
DsLegAlRzecz-NO2-1g,2026-09-01 01:00:00,4.1,291
DsLegAlRzecz-NOx-1g,2026-09-01 05:00:00,3.6,292
DsLegAlRzecz-NOx-1g,2026-09-01 04:00:00,3.3,292
DsLegAlRzecz-NOx-1g,2026-09-01 03:00:00,6.5,292
DsLegAlRzecz-NOx-1g,2026-09-01 02:00:00,5.1,292
DsLegAlRzecz-NOx-1g,2026-09-01 01:00:00,4.1,292
DsLegAlRzecz-O3-1g,2026-09-01 05:00:00,74.2,293
DsLegAlRzecz-O3-1g,2026-09-01 04:00:00,73.0,293
DsLegAlRzecz-O3-1g,2026-09-01 03:00:00,68.9,293
DsLegAlRzecz-O3-1g,2026-09-01 02:00:00,68.4,293
DsLegAlRzecz-O3-1g,2026-09-01 01:00:00,72.8,293
DsLegAlRzecz-SO2-1g,2026-09-01 05:00:00,8.5,297
DsLegAlRzecz-SO2-1g,2026-09-01 04:00:00,8.8,297
DsLegAlRzecz-SO2-1g,2026-09-01 03:00:00,11.4,297
DsLegAlRzecz-SO2-1g,2026-09-01 02:00:00,9.2,297
DsLegAlRzecz-SO2-1g,2026-09-01 01:00:00,9.5,297
DsLegAlRzecz-PM10-1g,2026-09-01 05:00:00,6.7,14397
DsLegAlRzecz-PM10-1g,2026-09-01 04:00:00,7.8,14397
DsLegAlRzecz-PM10-1g,2026-09-01 03:00:00,8.3,14397
DsLegAlRzecz-PM10-1g,2026-09-01 02:00:00,9.0,14397
DsLegAlRzecz-PM10-1g,2026-09-01 01:00:00,8.5,14397
DsLegAlRzecz-PM2.5-1g,2026-09-01 05:00:00,4.6,32560
DsLegAlRzecz-PM2.5-1g,2026-09-01 04:00:00,5.1,32560
DsLegAlRzecz-PM2.5-1g,2026-09-01 03:00:00,5.7,32560
DsLegAlRzecz-PM2.5-1g,2026-09-01 02:00:00,5.6,32560
DsLegAlRzecz-PM2.5-1g,2026-09-01 01:00:00,5.8,32560
DsOlawZolnAK-NO-1g,2026-09-01 05:00:00,,396
DsOlawZolnAK-NO-1g,2026-09-01 04:00:00,,396
DsOlawZolnAK-NO-1g,2026-09-01 03:00:00,,396
DsOlawZolnAK-NO-1g,2026-09-01 02:00:00,,396
DsOlawZolnAK-NO-1g,2026-09-01 01:00:00,1.2,396
DsOlawZolnAK-NO2-1g,2026-09-01 05:00:00,,397
DsOlawZolnAK-NO2-1g,2026-09-01 04:00:00,,397
DsOlawZolnAK-NO2-1g,2026-09-01 03:00:00,,397
DsOlawZolnAK-NO2-1g,2026-09-01 02:00:00,,397
DsOlawZolnAK-NO2-1g,2026-09-01 01:00:00,5.1,397
DsOlawZolnAK-NOx-1g,2026-09-01 05:00:00,,398
DsOlawZolnAK-NOx-1g,2026-09-01 04:00:00,,398
DsOlawZolnAK-NOx-1g,2026-09-01 03:00:00,,398
DsOlawZolnAK-NOx-1g,2026-09-01 02:00:00,,398
DsOlawZolnAK-NOx-1g,2026-09-01 01:00:00,6.9,398
DsOlawZolnAK-PM10-1g,2026-09-01 05:00:00,,400
DsOlawZolnAK-PM10-1g,2026-09-01 04:00:00,,400
DsOlawZolnAK-PM10-1g,2026-09-01 03:00:00,,400
DsOlawZolnAK-PM10-1g,2026-09-01 02:00:00,,400
DsOlawZolnAK-PM10-1g,2026-09-01 01:00:00,8.9,400
DsOlawZolnAK-O3-1g,2026-09-01 05:00:00,,20214
DsOlawZolnAK-O3-1g,2026-09-01 04:00:00,,20214
DsOlawZolnAK-O3-1g,2026-09-01 03:00:00,,20214
DsOlawZolnAK-O3-1g,2026-09-01 02:00:00,,20214
DsOlawZolnAK-O3-1g,2026-09-01 01:00:00,54.6,20214
DsOlawZolnAK-PM2.5-1g,2026-09-01 05:00:00,,32613
DsOlawZolnAK-PM2.5-1g,2026-09-01 04:00:00,,32613
DsOlawZolnAK-PM2.5-1g,2026-09-01 03:00:00,,32613
DsOlawZolnAK-PM2.5-1g,2026-09-01 02:00:00,,32613
DsOlawZolnAK-PM2.5-1g,2026-09-01 01:00:00,5.5,32613
DsWalbrzWyso-C6H6-1g,2026-09-01 05:00:00,0.47,605
DsWalbrzWyso-C6H6-1g,2026-09-01 04:00:00,1.38,605
DsWalbrzWyso-C6H6-1g,2026-09-01 03:00:00,3.29,605
DsWalbrzWyso-C6H6-1g,2026-09-01 02:00:00,2.68,605
DsWalbrzWyso-C6H6-1g,2026-09-01 01:00:00,1.22,605
DsWalbrzWyso-NO-1g,2026-09-01 05:00:00,0.5,613
DsWalbrzWyso-NO-1g,2026-09-01 04:00:00,0.8,613
DsWalbrzWyso-NO-1g,2026-09-01 03:00:00,0.7,613
DsWalbrzWyso-NO-1g,2026-09-01 02:00:00,1.0,613
DsWalbrzWyso-NO-1g,2026-09-01 01:00:00,0.9,613
DsWalbrzWyso-NO2-1g,2026-09-01 05:00:00,6.4,614
DsWalbrzWyso-NO2-1g,2026-09-01 04:00:00,4.5,614
DsWalbrzWyso-NO2-1g,2026-09-01 03:00:00,5.9,614
DsWalbrzWyso-NO2-1g,2026-09-01 02:00:00,9.6,614
DsWalbrzWyso-NO2-1g,2026-09-01 01:00:00,9.5,614
DsWalbrzWyso-NOx-1g,2026-09-01 05:00:00,7.2,615
DsWalbrzWyso-NOx-1g,2026-09-01 04:00:00,5.7,615
DsWalbrzWyso-NOx-1g,2026-09-01 03:00:00,6.9,615
DsWalbrzWyso-NOx-1g,2026-09-01 02:00:00,11.0,615
DsWalbrzWyso-NOx-1g,2026-09-01 01:00:00,10.9,615
DsWalbrzWyso-O3-1g,2026-09-01 05:00:00,17.4,616
DsWalbrzWyso-O3-1g,2026-09-01 04:00:00,15.7,616
DsWalbrzWyso-O3-1g,2026-09-01 03:00:00,13.8,616
DsWalbrzWyso-O3-1g,2026-09-01 02:00:00,9.9,616
DsWalbrzWyso-O3-1g,2026-09-01 01:00:00,15.6,616
DsWalbrzWyso-PM10-1g,2026-09-01 05:00:00,10.6,618
DsWalbrzWyso-PM10-1g,2026-09-01 04:00:00,11.5,618
DsWalbrzWyso-PM10-1g,2026-09-01 03:00:00,15.2,618
DsWalbrzWyso-PM10-1g,2026-09-01 02:00:00,17.9,618
DsWalbrzWyso-PM10-1g,2026-09-01 01:00:00,12.7,618
DsWalbrzWyso-SO2-1g,2026-09-01 05:00:00,14.6,621
DsWalbrzWyso-SO2-1g,2026-09-01 04:00:00,15.3,621
DsWalbrzWyso-SO2-1g,2026-09-01 03:00:00,15.7,621
DsWalbrzWyso-SO2-1g,2026-09-01 02:00:00,14.8,621
DsWalbrzWyso-SO2-1g,2026-09-01 01:00:00,15.3,621
DsWalbrzWyso-PM2.5-1g,2026-09-01 05:00:00,5.9,32600
DsWalbrzWyso-PM2.5-1g,2026-09-01 04:00:00,7.2,32600
DsWalbrzWyso-PM2.5-1g,2026-09-01 03:00:00,10.0,32600
DsWalbrzWyso-PM2.5-1g,2026-09-01 02:00:00,11.9,32600
DsWalbrzWyso-PM2.5-1g,2026-09-01 01:00:00,7.8,32600
DsWrocBartni-NO-1g,2026-09-01 05:00:00,0.7,641
DsWrocBartni-NO-1g,2026-09-01 04:00:00,0.8,641
DsWrocBartni-NO-1g,2026-09-01 03:00:00,0.6,641
DsWrocBartni-NO-1g,2026-09-01 02:00:00,0.7,641
DsWrocBartni-NO-1g,2026-09-01 01:00:00,1.0,641
DsWrocBartni-NO2-1g,2026-09-01 05:00:00,6.0,642
DsWrocBartni-NO2-1g,2026-09-01 04:00:00,7.5,642
DsWrocBartni-NO2-1g,2026-09-01 03:00:00,4.7,642
DsWrocBartni-NO2-1g,2026-09-01 02:00:00,5.4,642
DsWrocBartni-NO2-1g,2026-09-01 01:00:00,5.1,642
DsWrocBartni-NOx-1g,2026-09-01 05:00:00,7.1,643
DsWrocBartni-NOx-1g,2026-09-01 04:00:00,8.8,643
DsWrocBartni-NOx-1g,2026-09-01 03:00:00,5.5,643
DsWrocBartni-NOx-1g,2026-09-01 02:00:00,6.5,643
DsWrocBartni-NOx-1g,2026-09-01 01:00:00,6.6,643
DsWrocBartni-O3-1g,2026-09-01 05:00:00,57.4,644
DsWrocBartni-O3-1g,2026-09-01 04:00:00,51.7,644
DsWrocBartni-O3-1g,2026-09-01 03:00:00,60.3,644
DsWrocBartni-O3-1g,2026-09-01 02:00:00,58.9,644
DsWrocBartni-O3-1g,2026-09-01 01:00:00,57.1,644
DsWrocWybCon-C6H6-1g,2026-09-01 05:00:00,0.22,658
DsWrocWybCon-C6H6-1g,2026-09-01 04:00:00,0.12,658
DsWrocWybCon-C6H6-1g,2026-09-01 03:00:00,0.1,658
DsWrocWybCon-C6H6-1g,2026-09-01 02:00:00,0.1,658
DsWrocWybCon-C6H6-1g,2026-09-01 01:00:00,0.12,658
DsWrocWybCon-CO-1g,2026-09-01 05:00:00,291.0,660
DsWrocWybCon-CO-1g,2026-09-01 04:00:00,315.0,660
DsWrocWybCon-CO-1g,2026-09-01 03:00:00,302.0,660
DsWrocWybCon-CO-1g,2026-09-01 02:00:00,310.0,660
DsWrocWybCon-CO-1g,2026-09-01 01:00:00,323.0,660
DsWrocWybCon-NO-1g,2026-09-01 05:00:00,2.5,664
DsWrocWybCon-NO-1g,2026-09-01 04:00:00,2.5,664
DsWrocWybCon-NO-1g,2026-09-01 03:00:00,1.9,664
DsWrocWybCon-NO-1g,2026-09-01 02:00:00,2.7,664
DsWrocWybCon-NO-1g,2026-09-01 01:00:00,2.2,664
DsWrocWybCon-NO2-1g,2026-09-01 05:00:00,6.8,665
DsWrocWybCon-NO2-1g,2026-09-01 04:00:00,11.1,665
DsWrocWybCon-NO2-1g,2026-09-01 03:00:00,8.1,665
DsWrocWybCon-NO2-1g,2026-09-01 02:00:00,8.9,665
DsWrocWybCon-NO2-1g,2026-09-01 01:00:00,8.8,665
DsWrocWybCon-NOx-1g,2026-09-01 05:00:00,10.6,666
DsWrocWybCon-NOx-1g,2026-09-01 04:00:00,14.9,666
DsWrocWybCon-NOx-1g,2026-09-01 03:00:00,11.0,666
DsWrocWybCon-NOx-1g,2026-09-01 02:00:00,13.0,666
DsWrocWybCon-NOx-1g,2026-09-01 01:00:00,12.1,666
DsWrocWybCon-O3-1g,2026-09-01 05:00:00,54.4,667
DsWrocWybCon-O3-1g,2026-09-01 04:00:00,47.6,667
DsWrocWybCon-O3-1g,2026-09-01 03:00:00,53.1,667
DsWrocWybCon-O3-1g,2026-09-01 02:00:00,54.9,667
DsWrocWybCon-O3-1g,2026-09-01 01:00:00,55.5,667
DsWrocWybCon-PM2.5-1g,2026-09-01 05:00:00,7.7,670
DsWrocWybCon-PM2.5-1g,2026-09-01 04:00:00,8.2,670
DsWrocWybCon-PM2.5-1g,2026-09-01 03:00:00,8.1,670
DsWrocWybCon-PM2.5-1g,2026-09-01 02:00:00,8.4,670
DsWrocWybCon-PM2.5-1g,2026-09-01 01:00:00,9.0,670
DsWrocWybCon-SO2-1g,2026-09-01 05:00:00,10.2,672
DsWrocWybCon-SO2-1g,2026-09-01 04:00:00,7.8,672
DsWrocWybCon-SO2-1g,2026-09-01 03:00:00,7.7,672
DsWrocWybCon-SO2-1g,2026-09-01 02:00:00,7.9,672
DsWrocWybCon-SO2-1g,2026-09-01 01:00:00,8.1,672
DsWrocAlWisn-CO-1g,2026-09-01 05:00:00,412.0,737
DsWrocAlWisn-CO-1g,2026-09-01 04:00:00,497.0,737
DsWrocAlWisn-CO-1g,2026-09-01 03:00:00,512.0,737
DsWrocAlWisn-CO-1g,2026-09-01 02:00:00,463.0,737
DsWrocAlWisn-CO-1g,2026-09-01 01:00:00,485.0,737
DsWrocAlWisn-NO-1g,2026-09-01 05:00:00,12.9,739
DsWrocAlWisn-NO-1g,2026-09-01 04:00:00,7.1,739
DsWrocAlWisn-NO-1g,2026-09-01 03:00:00,7.6,739
DsWrocAlWisn-NO-1g,2026-09-01 02:00:00,4.7,739
DsWrocAlWisn-NO-1g,2026-09-01 01:00:00,9.4,739
DsWrocAlWisn-NO2-1g,2026-09-01 05:00:00,17.2,740
DsWrocAlWisn-NO2-1g,2026-09-01 04:00:00,20.1,740
DsWrocAlWisn-NO2-1g,2026-09-01 03:00:00,19.4,740
DsWrocAlWisn-NO2-1g,2026-09-01 02:00:00,12.6,740
DsWrocAlWisn-NO2-1g,2026-09-01 01:00:00,25.8,740
DsWrocAlWisn-NOx-1g,2026-09-01 05:00:00,36.9,741
DsWrocAlWisn-NOx-1g,2026-09-01 04:00:00,31.0,741
DsWrocAlWisn-NOx-1g,2026-09-01 03:00:00,31.1,741
DsWrocAlWisn-NOx-1g,2026-09-01 02:00:00,19.7,741
DsWrocAlWisn-NOx-1g,2026-09-01 01:00:00,40.2,741
DsWrocAlWisn-PM2.5-1g,2026-09-01 05:00:00,3.9,744
DsWrocAlWisn-PM2.5-1g,2026-09-01 04:00:00,4.3,744
DsWrocAlWisn-PM2.5-1g,2026-09-01 03:00:00,5.6,744
DsWrocAlWisn-PM2.5-1g,2026-09-01 02:00:00,5.6,744
DsWrocAlWisn-PM2.5-1g,2026-09-01 01:00:00,5.9,744
DsWrocAlWisn-PM10-1g,2026-09-01 05:00:00,12.0,33220
DsWrocAlWisn-PM10-1g,2026-09-01 04:00:00,10.7,33220
DsWrocAlWisn-PM10-1g,2026-09-01 03:00:00,17.4,33220
DsWrocAlWisn-PM10-1g,2026-09-01 02:00:00,17.5,33220
DsWrocAlWisn-PM10-1g,2026-09-01 01:00:00,18.6,33220
KpGrudPilsud-NO-1g,2026-09-01 05:00:00,5.0,808
KpGrudPilsud-NO-1g,2026-09-01 04:00:00,2.7,808
KpGrudPilsud-NO-1g,2026-09-01 03:00:00,3.6,808
KpGrudPilsud-NO-1g,2026-09-01 02:00:00,3.1,808
KpGrudPilsud-NO-1g,2026-09-01 01:00:00,4.7,808
KpGrudPilsud-NO2-1g,2026-09-01 05:00:00,14.3,809
KpGrudPilsud-NO2-1g,2026-09-01 04:00:00,13.1,809
KpGrudPilsud-NO2-1g,2026-09-01 03:00:00,16.3,809
KpGrudPilsud-NO2-1g,2026-09-01 02:00:00,14.6,809
KpGrudPilsud-NO2-1g,2026-09-01 01:00:00,19.3,809
KpGrudPilsud-NOx-1g,2026-09-01 05:00:00,22.0,810
KpGrudPilsud-NOx-1g,2026-09-01 04:00:00,17.2,810
KpGrudPilsud-NOx-1g,2026-09-01 03:00:00,21.9,810
KpGrudPilsud-NOx-1g,2026-09-01 02:00:00,19.4,810
KpGrudPilsud-NOx-1g,2026-09-01 01:00:00,26.4,810
KpGrudPilsud-PM10-1g,2026-09-01 05:00:00,13.4,812
KpGrudPilsud-PM10-1g,2026-09-01 04:00:00,13.9,812
KpGrudPilsud-PM10-1g,2026-09-01 03:00:00,11.2,812
KpGrudPilsud-PM10-1g,2026-09-01 02:00:00,17.5,812
KpGrudPilsud-PM10-1g,2026-09-01 01:00:00,18.9,812
KpInowSolank-PM10-1g,2026-09-01 05:00:00,2.8,828
KpInowSolank-PM10-1g,2026-09-01 04:00:00,3.1,828
KpInowSolank-PM10-1g,2026-09-01 03:00:00,4.7,828
KpInowSolank-PM10-1g,2026-09-01 02:00:00,5.5,828
KpInowSolank-PM10-1g,2026-09-01 01:00:00,6.1,828
KpToruWSikor-PM10-1g,2026-09-01 05:00:00,2.4,853
KpToruWSikor-PM10-1g,2026-09-01 04:00:00,2.7,853
KpToruWSikor-PM10-1g,2026-09-01 03:00:00,3.1,853
KpToruWSikor-PM10-1g,2026-09-01 02:00:00,3.3,853
KpToruWSikor-PM10-1g,2026-09-01 01:00:00,3.2,853
