id_stacji,data_obliczenia,wartosc_indeksu,kategoria_indeksu,data_zrodlowa,so2_data_obliczenia,so2_wartosc,so2_kategoria,so2_data_zrodlowa,no2_data_obliczenia,no2_wartosc,no2_kategoria,no2_data_zrodlowa,pm10_data_obliczenia,pm10_wartosc,pm10_kategoria,pm10_data_zrodlowa,pm25_data_obliczenia,pm25_wartosc,pm25_kategoria,pm25_data_zrodlowa,o3_data_obliczenia,o3_wartosc,o3_kategoria,o3_data_zrodlowa,status_stacji,krytyczne_zanieczyszczenie
11,2026-07-01 05:20:22,1,Dobry,2026-07-01 05:00:00,2026-07-01 05:20:22,,,,2026-07-01 05:20:22,0,Bardzo dobry,2026-07-01 04:00:00,2026-07-01 05:20:22,0,Bardzo dobry,2026-07-01 04:00:00,,,,,2026-07-01 05:20:22,1,Dobry,2026-07-01 05:00:00,True,PYL
16,2026-07-01 05:20:22,0,Bardzo dobry,2026-07-01 04:00:00,2026-07-01 05:20:22,,,,2026-07-01 05:20:22,,,,2026-07-01 05:20:22,0,Bardzo dobry,2026-07-01 04:00:00,,,,,,,,,True,PYL
38,2026-07-01 05:20:22,0,Bardzo dobry,2026-07-01 05:00:00,2026-07-01 05:20:22,,,,2026-07-01 05:20:22,0,Bardzo dobry,2026-07-01 04:00:00,2026-07-01 05:20:22,0,Bardzo dobry,2026-07-01 05:00:00,2026-07-01 05:20:22,0,Bardzo dobry,2026-07-01 05:00:00,2026-07-01 05:20:22,0,Bardzo dobry,2026-07-01 05:00:00,True,PYL
52,2026-07-01 05:20:22,1,Dobry,2026-07-01 05:00:00,2026-07-01 05:20:22,0,Bardzo dobry,2026-07-01 05:00:00,2026-07-01 05:20:22,0,Bardzo dobry,2026-07-01 04:00:00,2026-07-01 05:20:22,1,Dobry,2026-07-01 05:00:00,2026-07-01 05:20:22,0,Bardzo dobry,2026-07-01 05:00:00,2026-07-01 05:20:22,0,Bardzo dobry,2026-07-01 05:00:00,True,PYL
70,2026-07-01 05:20:22,0,Bardzo dobry,2026-07-01 05:00:00,2026-07-01 05:20:22,,,,2026-07-01 05:20:22,0,Bardzo dobry,2026-07-01 04:00:00,2026-07-01 05:20:22,0,Bardzo dobry,2026-07-01 05:00:00,2026-07-01 05:20:22,0,Bardzo dobry,2026-07-01 05:00:00,2026-07-01 05:20:22,0,Bardzo dobry,2026-07-01 05:00:00,True,PYL
74,2026-07-01 05:20:22,0,Bardzo dobry,2026-07-01 05:00:00,2026-07-01 05:20:22,0,Bardzo dobry,2026-07-01 05:00:00,2026-07-01 05:20:22,0,Bardzo dobry,2026-07-01 04:00:00,2026-07-01 05:20:22,,,,2026-07-01 05:20:22,,,,2026-07-01 05:20:22,0,Bardzo dobry,2026-07-01 05:00:00,True,PYL
109,2026-07-01 05:20:22,0,Bardzo dobry,2026-07-01 05:00:00,2026-07-01 05:20:22,0,Bardzo dobry,2026-07-01 05:00:00,2026-07-01 05:20:22,0,Bardzo dobry,2026-07-01 04:00:00,2026-07-01 05:20:22,0,Bardzo dobry,2026-07-01 05:00:00,2026-07-01 05:20:22,0,Bardzo dobry,2026-07-01 05:00:00,2026-07-01 05:20:22,0,Bardzo dobry,2026-07-01 05:00:00,True,PYL
114,2026-07-01 05:20:22,0,Bardzo dobry,2026-07-01 05:00:00,,,,,2026-07-01 05:20:22,0,Bardzo dobry,2026-07-01 04:00:00,,,,,,,,,2026-07-01 05:20:22,0,Bardzo dobry,2026-07-01 05:00:00,True,PYL
117,2026-07-01 05:20:22,1,Dobry,2026-07-01 05:00:00,2026-07-01 05:20:22,0,Bardzo dobry,2026-07-01 05:00:00,2026-07-01 05:20:22,0,Bardzo dobry,2026-07-01 04:00:00,2026-07-01 05:20:22,1,Dobry,2026-07-01 05:00:00,2026-07-01 05:20:22,1,Dobry,2026-07-01 05:00:00,2026-07-01 05:20:22,0,Bardzo dobry,2026-07-01 05:00:00,True,PYL
129,2026-07-01 05:20:22,0,Bardzo dobry,2026-07-01 04:00:00,2026-07-01 05:20:22,,,,2026-07-01 05:20:22,0,Bardzo dobry,2026-07-01 04:00:00,2026-07-01 05:20:22,,,,2026-07-01 05:20:22,0,Bardzo dobry,2026-07-01 04:00:00,,,,,True,PYL
142,2026-07-01 05:35:17,0,Bardzo dobry,2026-07-01 05:00:00,2026-07-01 05:35:17,,,,2026-07-01 05:35:17,0,Bardzo dobry,2026-07-01 05:00:00,2026-07-01 05:35:17,0,Bardzo dobry,2026-07-01 05:00:00,,,,,,,,,True,OZON
145,2026-07-01 05:35:17,0,Bardzo dobry,2026-07-01 05:00:00,2026-07-01 05:35:17,,,,2026-07-01 05:35:17,,,,2026-07-01 05:35:17,0,Bardzo dobry,2026-07-01 05:00:00,,,,,,,,,True,OZON
11,2026-07-01 14:10:22,0,Bardzo dobry,2026-07-01 14:00:00,2026-07-01 14:10:22,,,,2026-07-01 14:10:22,0,Bardzo dobry,2026-07-01 14:00:00,2026-07-01 14:10:22,0,Bardzo dobry,2026-07-01 13:00:00,,,,,2026-07-01 14:10:22,0,Bardzo dobry,2026-07-01 14:00:00,True,OZON
16,2026-07-01 14:10:22,0,Bardzo dobry,2026-07-01 13:00:00,2026-07-01 14:10:22,,,,2026-07-01 14:10:22,,,,2026-07-01 14:10:22,0,Bardzo dobry,2026-07-01 13:00:00,,,,,,,,,True,OZON
38,2026-07-01 14:10:22,1,Dobry,2026-07-01 14:00:00,2026-07-01 14:10:22,,,,2026-07-01 14:10:22,0,Bardzo dobry,2026-07-01 14:00:00,2026-07-01 14:10:22,0,Bardzo dobry,2026-07-01 14:00:00,2026-07-01 14:10:22,0,Bardzo dobry,2026-07-01 14:00:00,2026-07-01 14:10:22,1,Dobry,2026-07-01 14:00:00,True,OZON
52,2026-07-01 14:10:22,1,Dobry,2026-07-01 14:00:00,2026-07-01 14:10:22,0,Bardzo dobry,2026-07-01 14:00:00,2026-07-01 14:10:22,0,Bardzo dobry,2026-07-01 14:00:00,2026-07-01 14:10:22,0,Bardzo dobry,2026-07-01 14:00:00,2026-07-01 14:10:22,1,Dobry,2026-07-01 14:00:00,2026-07-01 14:10:22,0,Bardzo dobry,2026-07-01 14:00:00,True,OZON
70,2026-07-01 14:10:22,1,Dobry,2026-07-01 14:00:00,2026-07-01 14:10:22,,,,2026-07-01 14:10:22,0,Bardzo dobry,2026-07-01 14:00:00,2026-07-01 14:10:22,0,Bardzo dobry,2026-07-01 14:00:00,2026-07-01 14:10:22,1,Dobry,2026-07-01 14:00:00,2026-07-01 14:10:22,1,Dobry,2026-07-01 14:00:00,True,OZON
74,2026-07-01 14:10:22,0,Bardzo dobry,2026-07-01 14:00:00,2026-07-01 14:10:22,0,Bardzo dobry,2026-07-01 14:00:00,2026-07-01 14:10:22,0,Bardzo dobry,2026-07-01 14:00:00,2026-07-01 14:10:22,,,,2026-07-01 14:10:22,,,,2026-07-01 14:10:22,0,Bardzo dobry,2026-07-01 14:00:00,True,OZON
109,2026-07-01 14:10:22,1,Dobry,2026-07-01 14:00:00,2026-07-01 14:10:22,0,Bardzo dobry,2026-07-01 14:00:00,2026-07-01 14:10:22,0,Bardzo dobry,2026-07-01 14:00:00,2026-07-01 14:10:22,0,Bardzo dobry,2026-07-01 14:00:00,2026-07-01 14:10:22,0,Bardzo dobry,2026-07-01 14:00:00,2026-07-01 14:10:22,1,Dobry,2026-07-01 14:00:00,True,OZON
114,2026-07-01 14:10:22,0,Bardzo dobry,2026-07-01 14:00:00,,,,,2026-07-01 14:10:22,0,Bardzo dobry,2026-07-01 14:00:00,,,,,,,,,2026-07-01 14:10:22,0,Bardzo dobry,2026-07-01 14:00:00,True,OZON
117,2026-07-01 14:10:22,1,Dobry,2026-07-01 14:00:00,2026-07-01 14:10:22,0,Bardzo dobry,2026-07-01 14:00:00,2026-07-01 14:10:22,0,Bardzo dobry,2026-07-01 14:00:00,2026-07-01 14:10:22,1,Dobry,2026-07-01 14:00:00,2026-07-01 14:10:22,1,Dobry,2026-07-01 14:00:00,2026-07-01 14:10:22,0,Bardzo dobry,2026-07-01 14:00:00,True,OZON
129,2026-07-01 14:10:22,0,Bardzo dobry,2026-07-01 14:00:00,2026-07-01 14:10:22,,,,2026-07-01 14:10:22,0,Bardzo dobry,2026-07-01 14:00:00,2026-07-01 14:10:22,,,,2026-07-01 14:10:22,0,Bardzo dobry,2026-07-01 13:00:00,,,,,True,OZON
142,2026-07-01 13:36:17,0,Bardzo dobry,2026-07-01 12:00:00,2026-07-01 13:36:17,,,,2026-07-01 13:36:17,0,Bardzo dobry,2026-07-01 12:00:00,2026-07-01 13:36:17,0,Bardzo dobry,2026-07-01 12:00:00,,,,,,,,,True,PYL
143,2026-07-01 13:36:17,0,Bardzo dobry,2026-07-01 13:00:00,2026-07-01 13:36:17,,,,2026-07-01 13:36:17,,,,2026-07-01 13:36:17,0,Bardzo dobry,2026-07-01 13:00:00,,,,,,,,,True,PYL
145,2026-07-01 13:36:17,0,Bardzo dobry,2026-07-01 13:00:00,2026-07-01 13:36:17,,,,2026-07-01 13:36:17,,,,2026-07-01 13:36:17,0,Bardzo dobry,2026-07-01 13:00:00,,,,,,,,,True,PYL
11,2026-07-01 21:20:20,1,Dobry,2026-07-01 21:00:00,2026-07-01 21:20:20,,,,2026-07-01 21:20:20,0,Bardzo dobry,2026-07-01 21:00:00,2026-07-01 21:20:20,0,Bardzo dobry,2026-07-01 20:00:00,,,,,2026-07-01 21:20:20,1,Dobry,2026-07-01 21:00:00,True,OZON
16,2026-07-01 21:20:20,0,Bardzo dobry,2026-07-01 20:00:00,2026-07-01 21:20:20,,,,2026-07-01 21:20:20,,,,2026-07-01 21:20:20,0,Bardzo dobry,2026-07-01 20:00:00,,,,,,,,,True,OZON
38,2026-07-01 21:20:20,1,Dobry,2026-07-01 21:00:00,2026-07-01 21:20:20,,,,2026-07-01 21:20:20,0,Bardzo dobry,2026-07-01 21:00:00,2026-07-01 21:20:20,0,Bardzo dobry,2026-07-01 21:00:00,2026-07-01 21:20:20,0,Bardzo dobry,2026-07-01 21:00:00,2026-07-01 21:20:20,1,Dobry,2026-07-01 21:00:00,True,OZON
52,2026-07-01 21:20:20,0,Bardzo dobry,2026-07-01 21:00:00,2026-07-01 21:20:20,0,Bardzo dobry,2026-07-01 21:00:00,2026-07-01 21:20:20,0,Bardzo dobry,2026-07-01 21:00:00,2026-07-01 21:20:20,0,Bardzo dobry,2026-07-01 21:00:00,2026-07-01 21:20:20,0,Bardzo dobry,2026-07-01 21:00:00,2026-07-01 21:20:20,0,Bardzo dobry,2026-07-01 21:00:00,True,OZON
70,2026-07-01 21:20:20,0,Bardzo dobry,2026-07-01 21:00:00,2026-07-01 21:20:20,,,,2026-07-01 21:20:20,0,Bardzo dobry,2026-07-01 21:00:00,2026-07-01 21:20:20,0,Bardzo dobry,2026-07-01 21:00:00,2026-07-01 21:20:20,0,Bardzo dobry,2026-07-01 21:00:00,2026-07-01 21:20:20,0,Bardzo dobry,2026-07-01 21:00:00,True,OZON
74,2026-07-01 21:20:20,0,Bardzo dobry,2026-07-01 21:00:00,2026-07-01 21:20:20,0,Bardzo dobry,2026-07-01 21:00:00,2026-07-01 21:20:20,0,Bardzo dobry,2026-07-01 21:00:00,2026-07-01 21:20:20,,,,2026-07-01 21:20:20,,,,2026-07-01 21:20:20,0,Bardzo dobry,2026-07-01 21:00:00,True,OZON
109,2026-07-01 21:20:20,0,Bardzo dobry,2026-07-01 21:00:00,2026-07-01 21:20:20,0,Bardzo dobry,2026-07-01 21:00:00,2026-07-01 21:20:20,0,Bardzo dobry,2026-07-01 21:00:00,2026-07-01 21:20:20,0,Bardzo dobry,2026-07-01 21:00:00,2026-07-01 21:20:20,0,Bardzo dobry,2026-07-01 21:00:00,2026-07-01 21:20:20,0,Bardzo dobry,2026-07-01 21:00:00,True,OZON
114,2026-07-01 21:20:20,0,Bardzo dobry,2026-07-01 21:00:00,,,,,2026-07-01 21:20:20,0,Bardzo dobry,2026-07-01 21:00:00,,,,,,,,,2026-07-01 21:20:20,0,Bardzo dobry,2026-07-01 21:00:00,True,OZON
117,2026-07-01 21:20:20,0,Bardzo dobry,2026-07-01 21:00:00,2026-07-01 21:20:20,0,Bardzo dobry,2026-07-01 21:00:00,2026-07-01 21:20:20,0,Bardzo dobry,2026-07-01 21:00:00,2026-07-01 21:20:20,0,Bardzo dobry,2026-07-01 21:00:00,2026-07-01 21:20:20,0,Bardzo dobry,2026-07-01 21:00:00,2026-07-01 21:20:20,0,Bardzo dobry,2026-07-01 21:00:00,True,OZON
129,2026-07-01 21:20:20,0,Bardzo dobry,2026-07-01 21:00:00,2026-07-01 21:20:20,,,,2026-07-01 21:20:20,0,Bardzo dobry,2026-07-01 21:00:00,2026-07-01 21:20:20,,,,2026-07-01 21:20:20,0,Bardzo dobry,2026-07-01 20:00:00,,,,,True,OZON
142,2026-07-01 21:37:17,0,Bardzo dobry,2026-07-01 21:00:00,2026-07-01 21:37:17,,,,2026-07-01 21:37:17,0,Bardzo dobry,2026-07-01 21:00:00,2026-07-01 21:37:17,0,Bardzo dobry,2026-07-01 21:00:00,,,,,,,,,True,OZON
143,2026-07-01 21:37:17,0,Bardzo dobry,2026-07-01 21:00:00,2026-07-01 21:37:17,,,,2026-07-01 21:37:17,,,,2026-07-01 21:37:17,0,Bardzo dobry,2026-07-01 21:00:00,,,,,,,,,True,OZON
145,2026-07-01 21:37:17,0,Bardzo dobry,2026-07-01 21:00:00,2026-07-01 21:37:17,,,,2026-07-01 21:37:17,,,,2026-07-01 21:37:17,0,Bardzo dobry,2026-07-01 21:00:00,,,,,,,,,True,OZON
11,2026-07-02 05:20:22,0,Bardzo dobry,2026-07-02 04:00:00,2026-07-02 05:20:22,,,,2026-07-02 05:20:22,0,Bardzo dobry,2026-07-02 05:00:00,2026-07-02 05:20:22,0,Bardzo dobry,2026-07-02 04:00:00,,,,,2026-07-02 05:20:22,0,Bardzo dobry,2026-07-02 05:00:00,True,PYL
16,2026-07-02 05:20:22,0,Bardzo dobry,2026-07-02 04:00:00,2026-07-02 05:20:22,,,,2026-07-02 05:20:22,,,,2026-07-02 05:20:22,0,Bardzo dobry,2026-07-02 04:00:00,,,,,,,,,True,PYL
38,2026-07-02 05:20:22,0,Bardzo dobry,2026-07-02 05:00:00,2026-07-02 05:20:22,,,,2026-07-02 05:20:22,0,Bardzo dobry,2026-07-02 05:00:00,2026-07-02 05:20:22,0,Bardzo dobry,2026-07-02 05:00:00,2026-07-02 05:20:22,0,Bardzo dobry,2026-07-02 05:00:00,2026-07-02 05:20:22,0,Bardzo dobry,2026-07-02 05:00:00,True,PYL
52,2026-07-02 05:20:22,1,Dobry,2026-07-02 05:00:00,2026-07-02 05:20:22,0,Bardzo dobry,2026-07-02 05:00:00,2026-07-02 05:20:22,0,Bardzo dobry,2026-07-02 05:00:00,2026-07-02 05:20:22,1,Dobry,2026-07-02 05:00:00,2026-07-02 05:20:22,1,Dobry,2026-07-02 05:00:00,2026-07-02 05:20:22,0,Bardzo dobry,2026-07-02 05:00:00,True,PYL
70,2026-07-02 05:20:22,0,Bardzo dobry,2026-07-02 05:00:00,2026-07-02 05:20:22,,,,2026-07-02 05:20:22,0,Bardzo dobry,2026-07-02 05:00:00,2026-07-02 05:20:22,0,Bardzo dobry,2026-07-02 05:00:00,2026-07-02 05:20:22,0,Bardzo dobry,2026-07-02 05:00:00,2026-07-02 05:20:22,0,Bardzo dobry,2026-07-02 05:00:00,True,PYL
74,2026-07-02 05:20:22,0,Bardzo dobry,2026-07-02 05:00:00,2026-07-02 05:20:22,0,Bardzo dobry,2026-07-02 05:00:00,2026-07-02 05:20:22,0,Bardzo dobry,2026-07-02 05:00:00,2026-07-02 05:20:22,,,,2026-07-02 05:20:22,,,,2026-07-02 05:20:22,0,Bardzo dobry,2026-07-02 05:00:00,True,PYL
109,2026-07-02 05:20:22,0,Bardzo dobry,2026-07-02 05:00:00,2026-07-02 05:20:22,0,Bardzo dobry,2026-07-02 05:00:00,2026-07-02 05:20:22,0,Bardzo dobry,2026-07-02 05:00:00,2026-07-02 05:20:22,0,Bardzo dobry,2026-07-02 05:00:00,2026-07-02 05:20:22,0,Bardzo dobry,2026-07-02 05:00:00,2026-07-02 05:20:22,0,Bardzo dobry,2026-07-02 05:00:00,True,PYL
114,2026-07-02 05:20:22,0,Bardzo dobry,2026-07-02 05:00:00,,,,,2026-07-02 05:20:22,0,Bardzo dobry,2026-07-02 05:00:00,,,,,,,,,2026-07-02 05:20:22,0,Bardzo dobry,2026-07-02 05:00:00,True,PYL
117,2026-07-02 05:20:22,1,Dobry,2026-07-02 05:00:00,2026-07-02 05:20:22,0,Bardzo dobry,2026-07-02 05:00:00,2026-07-02 05:20:22,0,Bardzo dobry,2026-07-02 05:00:00,2026-07-02 05:20:22,1,Dobry,2026-07-02 05:00:00,2026-07-02 05:20:22,1,Dobry,2026-07-02 05:00:00,2026-07-02 05:20:22,0,Bardzo dobry,2026-07-02 05:00:00,True,PYL
129,2026-07-02 05:20:22,0,Bardzo dobry,2026-07-02 05:00:00,2026-07-02 05:20:22,,,,2026-07-02 05:20:22,0,Bardzo dobry,2026-07-02 05:00:00,2026-07-02 05:20:22,,,,2026-07-02 05:20:22,0,Bardzo dobry,2026-07-02 04:00:00,,,,,True,PYL
142,2026-07-02 05:35:49,0,Bardzo dobry,2026-07-02 05:00:00,2026-07-02 05:35:49,,,,2026-07-02 05:35:49,0,Bardzo dobry,2026-07-02 05:00:00,2026-07-02 05:35:49,0,Bardzo dobry,2026-07-02 05:00:00,,,,,,,,,True,OZON
143,2026-07-02 05:35:49,0,Bardzo dobry,2026-07-02 05:00:00,2026-07-02 05:35:49,,,,2026-07-02 05:35:49,,,,2026-07-02 05:35:49,0,Bardzo dobry,2026-07-02 05:00:00,,,,,,,,,True,OZON
145,2026-07-02 05:35:49,0,Bardzo dobry,2026-07-02 05:00:00,2026-07-02 05:35:49,,,,2026-07-02 05:35:49,,,,2026-07-02 05:35:49,0,Bardzo dobry,2026-07-02 05:00:00,,,,,,,,,True,OZON
11,2026-07-02 13:20:28,1,Dobry,2026-07-02 13:00:00,2026-07-02 13:20:28,,,,2026-07-02 13:20:28,0,Bardzo dobry,2026-07-02 13:00:00,2026-07-02 13:20:28,0,Bardzo dobry,2026-07-02 12:00:00,,,,,2026-07-02 13:20:28,1,Dobry,2026-07-02 13:00:00,True,OZON
16,2026-07-02 13:20:28,-1,Brak indeksu,2026-07-02 12:00:00,2026-07-02 13:20:28,,,,2026-07-02 13:20:28,,,,2026-07-02 13:20:28,0,Bardzo dobry,2026-07-02 12:00:00,,,,,,,,,False,OZON
38,2026-07-02 13:20:28,1,Dobry,2026-07-02 13:00:00,2026-07-02 13:20:28,,,,2026-07-02 13:20:28,0,Bardzo dobry,2026-07-02 13:00:00,2026-07-02 13:20:28,0,Bardzo dobry,2026-07-02 13:00:00,2026-07-02 13:20:28,0,Bardzo dobry,2026-07-02 13:00:00,2026-07-02 13:20:28,1,Dobry,2026-07-02 13:00:00,True,OZON
52,2026-07-02 13:20:28,1,Dobry,2026-07-02 13:00:00,2026-07-02 13:20:28,0,Bardzo dobry,2026-07-02 13:00:00,2026-07-02 13:20:28,0,Bardzo dobry,2026-07-02 13:00:00,2026-07-02 13:20:28,0,Bardzo dobry,2026-07-02 13:00:00,2026-07-02 13:20:28,0,Bardzo dobry,2026-07-02 13:00:00,2026-07-02 13:20:28,1,Dobry,2026-07-02 13:00:00,True,OZON
70,2026-07-02 13:20:28,1,Dobry,2026-07-02 13:00:00,2026-07-02 13:20:28,,,,2026-07-02 13:20:28,0,Bardzo dobry,2026-07-02 13:00:00,2026-07-02 13:20:28,0,Bardzo dobry,2026-07-02 13:00:00,2026-07-02 13:20:28,0,Bardzo dobry,2026-07-02 13:00:00,2026-07-02 13:20:28,1,Dobry,2026-07-02 13:00:00,True,OZON
74,2026-07-02 13:20:28,1,Dobry,2026-07-02 13:00:00,2026-07-02 13:20:28,0,Bardzo dobry,2026-07-02 13:00:00,2026-07-02 13:20:28,0,Bardzo dobry,2026-07-02 13:00:00,2026-07-02 13:20:28,,,,2026-07-02 13:20:28,,,,2026-07-02 13:20:28,1,Dobry,2026-07-02 13:00:00,True,OZON
109,2026-07-02 13:20:28,1,Dobry,2026-07-02 13:00:00,2026-07-02 13:20:28,0,Bardzo dobry,2026-07-02 13:00:00,2026-07-02 13:20:28,0,Bardzo dobry,2026-07-02 13:00:00,2026-07-02 13:20:28,0,Bardzo dobry,2026-07-02 13:00:00,2026-07-02 13:20:28,0,Bardzo dobry,2026-07-02 13:00:00,2026-07-02 13:20:28,1,Dobry,2026-07-02 13:00:00,True,OZON
114,2026-07-02 13:20:28,1,Dobry,2026-07-02 13:00:00,,,,,2026-07-02 13:20:28,0,Bardzo dobry,2026-07-02 13:00:00,,,,,,,,,2026-07-02 13:20:28,1,Dobry,2026-07-02 13:00:00,True,OZON
117,2026-07-02 13:20:28,1,Dobry,2026-07-02 13:00:00,2026-07-02 13:20:28,0,Bardzo dobry,2026-07-02 13:00:00,2026-07-02 13:20:28,,,,2026-07-02 13:20:28,0,Bardzo dobry,2026-07-02 13:00:00,2026-07-02 13:20:28,0,Bardzo dobry,2026-07-02 13:00:00,2026-07-02 13:20:28,1,Dobry,2026-07-02 13:00:00,True,OZON
129,2026-07-02 13:20:28,-1,Brak indeksu,2026-07-02 13:00:00,2026-07-02 13:20:28,,,,2026-07-02 13:20:28,0,Bardzo dobry,2026-07-02 13:00:00,2026-07-02 13:20:28,,,,2026-07-02 13:20:28,,,,,,,,False,OZON
142,2026-07-02 13:36:33,1,Dobry,2026-07-02 13:00:00,2026-07-02 13:36:33,,,,2026-07-02 13:36:33,0,Bardzo dobry,2026-07-02 13:00:00,2026-07-02 13:36:33,1,Dobry,2026-07-02 13:00:00,,,,,,,,,True,OZON
143,2026-07-02 13:36:33,-1,Brak indeksu,2026-07-02 13:00:00,2026-07-02 13:36:33,,,,2026-07-02 13:36:33,,,,2026-07-02 13:36:33,0,Bardzo dobry,2026-07-02 13:00:00,,,,,,,,,False,OZON
145,2026-07-02 13:36:33,1,Dobry,2026-07-02 12:00:00,2026-07-02 13:36:33,,,,2026-07-02 13:36:33,,,,2026-07-02 13:36:33,1,Dobry,2026-07-02 12:00:00,,,,,,,,,True,OZON
11,2026-07-02 21:20:16,1,Dobry,2026-07-02 21:00:00,2026-07-02 21:20:16,,,,2026-07-02 21:20:16,0,Bardzo dobry,2026-07-02 21:00:00,2026-07-02 21:20:16,0,Bardzo dobry,2026-07-02 20:00:00,,,,,2026-07-02 21:20:16,1,Dobry,2026-07-02 21:00:00,True,OZON
16,2026-07-02 21:20:16,-1,Brak indeksu,2026-07-02 20:00:00,2026-07-02 21:20:16,,,,2026-07-02 21:20:16,,,,2026-07-02 21:20:16,0,Bardzo dobry,2026-07-02 20:00:00,,,,,,,,,False,OZON
38,2026-07-02 21:20:16,1,Dobry,2026-07-02 21:00:00,2026-07-02 21:20:16,,,,2026-07-02 21:20:16,0,Bardzo dobry,2026-07-02 21:00:00,2026-07-02 21:20:16,0,Bardzo dobry,2026-07-02 21:00:00,2026-07-02 21:20:16,0,Bardzo dobry,2026-07-02 21:00:00,2026-07-02 21:20:16,1,Dobry,2026-07-02 21:00:00,True,OZON
52,2026-07-02 21:20:16,1,Dobry,2026-07-02 21:00:00,2026-07-02 21:20:16,0,Bardzo dobry,2026-07-02 21:00:00,2026-07-02 21:20:16,0,Bardzo dobry,2026-07-02 21:00:00,2026-07-02 21:20:16,0,Bardzo dobry,2026-07-02 21:00:00,2026-07-02 21:20:16,0,Bardzo dobry,2026-07-02 21:00:00,2026-07-02 21:20:16,1,Dobry,2026-07-02 21:00:00,True,OZON
70,2026-07-02 21:20:16,1,Dobry,2026-07-02 21:00:00,2026-07-02 21:20:16,,,,2026-07-02 21:20:16,0,Bardzo dobry,2026-07-02 21:00:00,2026-07-02 21:20:16,1,Dobry,2026-07-02 21:00:00,2026-07-02 21:20:16,0,Bardzo dobry,2026-07-02 21:00:00,2026-07-02 21:20:16,1,Dobry,2026-07-02 21:00:00,True,OZON
74,2026-07-02 21:20:16,1,Dobry,2026-07-02 21:00:00,2026-07-02 21:20:16,0,Bardzo dobry,2026-07-02 21:00:00,2026-07-02 21:20:16,0,Bardzo dobry,2026-07-02 21:00:00,2026-07-02 21:20:16,,,,2026-07-02 21:20:16,,,,2026-07-02 21:20:16,1,Dobry,2026-07-02 21:00:00,True,OZON
109,2026-07-02 21:20:16,1,Dobry,2026-07-02 21:00:00,2026-07-02 21:20:16,0,Bardzo dobry,2026-07-02 21:00:00,2026-07-02 21:20:16,0,Bardzo dobry,2026-07-02 21:00:00,2026-07-02 21:20:16,0,Bardzo dobry,2026-07-02 21:00:00,2026-07-02 21:20:16,0,Bardzo dobry,2026-07-02 21:00:00,2026-07-02 21:20:16,1,Dobry,2026-07-02 21:00:00,True,OZON
114,2026-07-02 21:20:16,1,Dobry,2026-07-02 21:00:00,,,,,2026-07-02 21:20:16,0,Bardzo dobry,2026-07-02 21:00:00,,,,,,,,,2026-07-02 21:20:16,1,Dobry,2026-07-02 21:00:00,True,OZON
117,2026-07-02 21:20:16,1,Dobry,2026-07-02 21:00:00,2026-07-02 21:20:16,0,Bardzo dobry,2026-07-02 21:00:00,2026-07-02 21:20:16,0,Bardzo dobry,2026-07-02 21:00:00,2026-07-02 21:20:16,0,Bardzo dobry,2026-07-02 21:00:00,2026-07-02 21:20:16,0,Bardzo dobry,2026-07-02 21:00:00,2026-07-02 21:20:16,1,Dobry,2026-07-02 21:00:00,True,OZON
129,2026-07-02 21:20:16,-1,Brak indeksu,2026-07-02 21:00:00,2026-07-02 21:20:16,,,,2026-07-02 21:20:16,0,Bardzo dobry,2026-07-02 21:00:00,2026-07-02 21:20:16,,,,2026-07-02 21:20:16,0,Bardzo dobry,2026-07-02 20:00:00,,,,,False,OZON
142,2026-07-02 21:16:11,1,Dobry,2026-07-02 21:00:00,2026-07-02 21:16:11,,,,2026-07-02 21:16:11,0,Bardzo dobry,2026-07-02 21:00:00,2026-07-02 21:16:11,1,Dobry,2026-07-02 21:00:00,,,,,,,,,True,OZON
143,2026-07-02 21:16:11,-1,Brak indeksu,2026-07-02 21:00:00,2026-07-02 21:16:11,,,,2026-07-02 21:16:11,,,,2026-07-02 21:16:11,0,Bardzo dobry,2026-07-02 21:00:00,,,,,,,,,False,OZON
11,2026-07-03 05:20:22,0,Bardzo dobry,2026-07-03 04:00:00,2026-07-03 05:20:22,,,,2026-07-03 05:20:22,0,Bardzo dobry,2026-07-03 05:00:00,2026-07-03 05:20:22,0,Bardzo dobry,2026-07-03 04:00:00,,,,,2026-07-03 05:20:22,0,Bardzo dobry,2026-07-03 05:00:00,True,OZON
16,2026-07-03 05:20:22,0,Bardzo dobry,2026-07-03 04:00:00,2026-07-03 05:20:22,,,,2026-07-03 05:20:22,,,,2026-07-03 05:20:22,0,Bardzo dobry,2026-07-03 04:00:00,,,,,,,,,True,OZON
38,2026-07-03 05:20:22,0,Bardzo dobry,2026-07-03 05:00:00,2026-07-03 05:20:22,,,,2026-07-03 05:20:22,0,Bardzo dobry,2026-07-03 05:00:00,2026-07-03 05:20:22,0,Bardzo dobry,2026-07-03 05:00:00,2026-07-03 05:20:22,0,Bardzo dobry,2026-07-03 05:00:00,2026-07-03 05:20:22,0,Bardzo dobry,2026-07-03 05:00:00,True,OZON
52,2026-07-03 05:20:22,0,Bardzo dobry,2026-07-03 05:00:00,2026-07-03 05:20:22,0,Bardzo dobry,2026-07-03 05:00:00,2026-07-03 05:20:22,0,Bardzo dobry,2026-07-03 05:00:00,2026-07-03 05:20:22,0,Bardzo dobry,2026-07-03 05:00:00,2026-07-03 05:20:22,0,Bardzo dobry,2026-07-03 05:00:00,2026-07-03 05:20:22,0,Bardzo dobry,2026-07-03 05:00:00,True,OZON
70,2026-07-03 05:20:22,1,Dobry,2026-07-03 05:00:00,2026-07-03 05:20:22,,,,2026-07-03 05:20:22,0,Bardzo dobry,2026-07-03 05:00:00,2026-07-03 05:20:22,0,Bardzo dobry,2026-07-03 05:00:00,2026-07-03 05:20:22,0,Bardzo dobry,2026-07-03 05:00:00,2026-07-03 05:20:22,1,Dobry,2026-07-03 05:00:00,True,OZON
74,2026-07-03 05:20:22,0,Bardzo dobry,2026-07-03 05:00:00,2026-07-03 05:20:22,0,Bardzo dobry,2026-07-03 05:00:00,2026-07-03 05:20:22,0,Bardzo dobry,2026-07-03 05:00:00,2026-07-03 05:20:22,,,,2026-07-03 05:20:22,,,,2026-07-03 05:20:22,0,Bardzo dobry,2026-07-03 05:00:00,True,OZON
109,2026-07-03 05:20:22,0,Bardzo dobry,2026-07-03 05:00:00,2026-07-03 05:20:22,0,Bardzo dobry,2026-07-03 05:00:00,2026-07-03 05:20:22,0,Bardzo dobry,2026-07-03 05:00:00,2026-07-03 05:20:22,0,Bardzo dobry,2026-07-03 05:00:00,2026-07-03 05:20:22,0,Bardzo dobry,2026-07-03 05:00:00,2026-07-03 05:20:22,0,Bardzo dobry,2026-07-03 05:00:00,True,OZON
114,2026-07-03 05:20:22,0,Bardzo dobry,2026-07-03 05:00:00,,,,,2026-07-03 05:20:22,0,Bardzo dobry,2026-07-03 05:00:00,,,,,,,,,2026-07-03 05:20:22,0,Bardzo dobry,2026-07-03 05:00:00,True,OZON
117,2026-07-03 05:20:22,0,Bardzo dobry,2026-07-03 05:00:00,2026-07-03 05:20:22,0,Bardzo dobry,2026-07-03 05:00:00,2026-07-03 05:20:22,0,Bardzo dobry,2026-07-03 05:00:00,2026-07-03 05:20:22,0,Bardzo dobry,2026-07-03 05:00:00,2026-07-03 05:20:22,0,Bardzo dobry,2026-07-03 05:00:00,2026-07-03 05:20:22,0,Bardzo dobry,2026-07-03 05:00:00,True,OZON
129,2026-07-03 05:20:22,0,Bardzo dobry,2026-07-03 05:00:00,2026-07-03 05:20:22,,,,2026-07-03 05:20:22,0,Bardzo dobry,2026-07-03 05:00:00,2026-07-03 05:20:22,,,,2026-07-03 05:20:22,0,Bardzo dobry,2026-07-03 04:00:00,,,,,True,OZON
142,2026-07-03 05:15:28,0,Bardzo dobry,2026-07-03 05:00:00,2026-07-03 05:15:28,,,,2026-07-03 05:15:28,0,Bardzo dobry,2026-07-03 05:00:00,2026-07-03 05:15:28,0,Bardzo dobry,2026-07-03 05:00:00,,,,,,,,,True,OZON
143,2026-07-03 05:15:28,0,Bardzo dobry,2026-07-03 05:00:00,2026-07-03 05:15:28,,,,2026-07-03 05:15:28,,,,2026-07-03 05:15:28,0,Bardzo dobry,2026-07-03 05:00:00,,,,,,,,,True,OZON
145,2026-07-03 05:15:28,0,Bardzo dobry,2026-07-03 05:00:00,2026-07-03 05:15:28,,,,2026-07-03 05:15:28,,,,2026-07-03 05:15:28,0,Bardzo dobry,2026-07-03 05:00:00,,,,,,,,,True,OZON
11,2026-07-03 13:20:24,1,Dobry,2026-07-03 13:00:00,2026-07-03 13:20:24,,,,2026-07-03 13:20:24,0,Bardzo dobry,2026-07-03 13:00:00,2026-07-03 13:20:24,0,Bardzo dobry,2026-07-03 12:00:00,,,,,2026-07-03 13:20:24,1,Dobry,2026-07-03 13:00:00,True,OZON
16,2026-07-03 13:20:24,-1,Brak indeksu,2026-07-03 12:00:00,2026-07-03 13:20:24,,,,2026-07-03 13:20:24,,,,2026-07-03 13:20:24,0,Bardzo dobry,2026-07-03 12:00:00,,,,,,,,,False,OZON
38,2026-07-03 13:20:24,1,Dobry,2026-07-03 13:00:00,2026-07-03 13:20:24,,,,2026-07-03 13:20:24,0,Bardzo dobry,2026-07-03 13:00:00,2026-07-03 13:20:24,0,Bardzo dobry,2026-07-03 13:00:00,2026-07-03 13:20:24,0,Bardzo dobry,2026-07-03 13:00:00,2026-07-03 13:20:24,1,Dobry,2026-07-03 13:00:00,True,OZON
52,2026-07-03 13:20:24,1,Dobry,2026-07-03 13:00:00,2026-07-03 13:20:24,0,Bardzo dobry,2026-07-03 13:00:00,2026-07-03 13:20:24,0,Bardzo dobry,2026-07-03 13:00:00,2026-07-03 13:20:24,0,Bardzo dobry,2026-07-03 13:00:00,2026-07-03 13:20:24,0,Bardzo dobry,2026-07-03 13:00:00,2026-07-03 13:20:24,1,Dobry,2026-07-03 13:00:00,True,OZON
70,2026-07-03 13:20:24,1,Dobry,2026-07-03 13:00:00,2026-07-03 13:20:24,,,,2026-07-03 13:20:24,0,Bardzo dobry,2026-07-03 13:00:00,2026-07-03 13:20:24,0,Bardzo dobry,2026-07-03 13:00:00,2026-07-03 13:20:24,0,Bardzo dobry,2026-07-03 13:00:00,2026-07-03 13:20:24,1,Dobry,2026-07-03 13:00:00,True,OZON
74,2026-07-03 13:20:24,1,Dobry,2026-07-03 13:00:00,2026-07-03 13:20:24,0,Bardzo dobry,2026-07-03 13:00:00,2026-07-03 13:20:24,0,Bardzo dobry,2026-07-03 13:00:00,2026-07-03 13:20:24,,,,2026-07-03 13:20:24,,,,2026-07-03 13:20:24,1,Dobry,2026-07-03 13:00:00,True,OZON
109,2026-07-03 13:20:24,1,Dobry,2026-07-03 13:00:00,2026-07-03 13:20:24,0,Bardzo dobry,2026-07-03 13:00:00,2026-07-03 13:20:24,0,Bardzo dobry,2026-07-03 13:00:00,2026-07-03 13:20:24,0,Bardzo dobry,2026-07-03 13:00:00,2026-07-03 13:20:24,0,Bardzo dobry,2026-07-03 13:00:00,2026-07-03 13:20:24,1,Dobry,2026-07-03 13:00:00,True,OZON
114,2026-07-03 13:20:24,1,Dobry,2026-07-03 13:00:00,,,,,2026-07-03 13:20:24,0,Bardzo dobry,2026-07-03 13:00:00,,,,,,,,,2026-07-03 13:20:24,1,Dobry,2026-07-03 13:00:00,True,OZON
117,2026-07-03 13:20:24,1,Dobry,2026-07-03 13:00:00,2026-07-03 13:20:24,0,Bardzo dobry,2026-07-03 13:00:00,2026-07-03 13:20:24,0,Bardzo dobry,2026-07-03 13:00:00,2026-07-03 13:20:24,1,Dobry,2026-07-03 13:00:00,2026-07-03 13:20:24,0,Bardzo dobry,2026-07-03 13:00:00,2026-07-03 13:20:24,0,Bardzo dobry,2026-07-03 13:00:00,True,OZON
129,2026-07-03 13:20:24,-1,Brak indeksu,2026-07-03 13:00:00,2026-07-03 13:20:24,,,,2026-07-03 13:20:24,0,Bardzo dobry,2026-07-03 13:00:00,2026-07-03 13:20:24,,,,2026-07-03 13:20:24,0,Bardzo dobry,2026-07-03 12:00:00,,,,,False,OZON
142,2026-07-03 13:16:27,1,Dobry,2026-07-03 13:00:00,2026-07-03 13:16:27,,,,2026-07-03 13:16:27,0,Bardzo dobry,2026-07-03 13:00:00,2026-07-03 13:16:27,1,Dobry,2026-07-03 13:00:00,,,,,,,,,True,OZON
143,2026-07-03 13:16:27,-1,Brak indeksu,2026-07-03 13:00:00,2026-07-03 13:16:27,,,,2026-07-03 13:16:27,,,,2026-07-03 13:16:27,0,Bardzo dobry,2026-07-03 13:00:00,,,,,,,,,False,OZON
145,2026-07-03 13:16:27,-1,Brak indeksu,2026-07-03 13:00:00,2026-07-03 13:16:27,,,,2026-07-03 13:16:27,,,,2026-07-03 13:16:27,0,Bardzo dobry,2026-07-03 13:00:00,,,,,,,,,False,OZON
11,2026-07-03 21:20:27,1,Dobry,2026-07-03 21:00:00,2026-07-03 21:20:27,,,,2026-07-03 21:20:27,0,Bardzo dobry,2026-07-03 21:00:00,2026-07-03 21:20:27,0,Bardzo dobry,2026-07-03 20:00:00,,,,,2026-07-03 21:20:27,1,Dobry,2026-07-03 21:00:00,True,OZON
16,2026-07-03 21:20:27,-1,Brak indeksu,2026-07-03 20:00:00,2026-07-03 21:20:27,,,,2026-07-03 21:20:27,,,,2026-07-03 21:20:27,0,Bardzo dobry,2026-07-03 20:00:00,,,,,,,,,False,OZON
38,2026-07-03 21:20:27,1,Dobry,2026-07-03 21:00:00,2026-07-03 21:20:27,,,,2026-07-03 21:20:27,0,Bardzo dobry,2026-07-03 21:00:00,2026-07-03 21:20:27,0,Bardzo dobry,2026-07-03 21:00:00,2026-07-03 21:20:27,0,Bardzo dobry,2026-07-03 21:00:00,2026-07-03 21:20:27,1,Dobry,2026-07-03 21:00:00,True,OZON
52,2026-07-03 21:20:27,1,Dobry,2026-07-03 21:00:00,2026-07-03 21:20:27,0,Bardzo dobry,2026-07-03 21:00:00,2026-07-03 21:20:27,0,Bardzo dobry,2026-07-03 21:00:00,2026-07-03 21:20:27,0,Bardzo dobry,2026-07-03 21:00:00,2026-07-03 21:20:27,0,Bardzo dobry,2026-07-03 21:00:00,2026-07-03 21:20:27,1,Dobry,2026-07-03 21:00:00,True,OZON
70,2026-07-03 21:20:27,1,Dobry,2026-07-03 21:00:00,2026-07-03 21:20:27,,,,2026-07-03 21:20:27,0,Bardzo dobry,2026-07-03 21:00:00,2026-07-03 21:20:27,1,Dobry,2026-07-03 21:00:00,2026-07-03 21:20:27,0,Bardzo dobry,2026-07-03 21:00:00,2026-07-03 21:20:27,1,Dobry,2026-07-03 21:00:00,True,OZON
74,2026-07-03 21:20:27,1,Dobry,2026-07-03 21:00:00,2026-07-03 21:20:27,0,Bardzo dobry,2026-07-03 21:00:00,2026-07-03 21:20:27,0,Bardzo dobry,2026-07-03 21:00:00,2026-07-03 21:20:27,,,,2026-07-03 21:20:27,,,,2026-07-03 21:20:27,1,Dobry,2026-07-03 21:00:00,True,OZON
109,2026-07-03 21:20:27,1,Dobry,2026-07-03 21:00:00,2026-07-03 21:20:27,0,Bardzo dobry,2026-07-03 21:00:00,2026-07-03 21:20:27,0,Bardzo dobry,2026-07-03 21:00:00,2026-07-03 21:20:27,0,Bardzo dobry,2026-07-03 21:00:00,2026-07-03 21:20:27,0,Bardzo dobry,2026-07-03 21:00:00,2026-07-03 21:20:27,1,Dobry,2026-07-03 21:00:00,True,OZON
114,2026-07-03 21:20:27,1,Dobry,2026-07-03 21:00:00,,,,,2026-07-03 21:20:27,0,Bardzo dobry,2026-07-03 21:00:00,,,,,,,,,2026-07-03 21:20:27,1,Dobry,2026-07-03 21:00:00,True,OZON
117,2026-07-03 21:20:27,1,Dobry,2026-07-03 21:00:00,2026-07-03 21:20:27,0,Bardzo dobry,2026-07-03 21:00:00,2026-07-03 21:20:27,0,Bardzo dobry,2026-07-03 21:00:00,2026-07-03 21:20:27,1,Dobry,2026-07-03 21:00:00,2026-07-03 21:20:27,0,Bardzo dobry,2026-07-03 21:00:00,2026-07-03 21:20:27,1,Dobry,2026-07-03 21:00:00,True,OZON
129,2026-07-03 21:20:27,-1,Brak indeksu,2026-07-03 21:00:00,2026-07-03 21:20:27,,,,2026-07-03 21:20:27,0,Bardzo dobry,2026-07-03 21:00:00,2026-07-03 21:20:27,,,,2026-07-03 21:20:27,0,Bardzo dobry,2026-07-03 20:00:00,,,,,False,OZON
142,2026-07-03 21:16:11,0,Bardzo dobry,2026-07-03 21:00:00,2026-07-03 21:16:11,,,,2026-07-03 21:16:11,0,Bardzo dobry,2026-07-03 21:00:00,2026-07-03 21:16:11,0,Bardzo dobry,2026-07-03 21:00:00,,,,,,,,,True,PYL
143,2026-07-03 21:16:11,0,Bardzo dobry,2026-07-03 21:00:00,2026-07-03 21:16:11,,,,2026-07-03 21:16:11,,,,2026-07-03 21:16:11,0,Bardzo dobry,2026-07-03 21:00:00,,,,,,,,,True,PYL
145,2026-07-03 21:16:11,0,Bardzo dobry,2026-07-03 21:00:00,2026-07-03 21:16:11,,,,2026-07-03 21:16:11,,,,2026-07-03 21:16:11,0,Bardzo dobry,2026-07-03 21:00:00,,,,,,,,,True,PYL
11,2026-07-04 05:10:16,0,Bardzo dobry,2026-07-04 04:00:00,2026-07-04 05:10:16,,,,2026-07-04 05:10:16,0,Bardzo dobry,2026-07-04 05:00:00,2026-07-04 05:10:16,0,Bardzo dobry,2026-07-04 04:00:00,,,,,2026-07-04 05:10:16,0,Bardzo dobry,2026-07-04 05:00:00,True,OZON
16,2026-07-04 05:10:16,0,Bardzo dobry,2026-07-04 04:00:00,2026-07-04 05:10:16,,,,2026-07-04 05:10:16,,,,2026-07-04 05:10:16,0,Bardzo dobry,2026-07-04 04:00:00,,,,,,,,,True,OZON
38,2026-07-04 05:10:16,0,Bardzo dobry,2026-07-04 05:00:00,2026-07-04 05:10:16,,,,2026-07-04 05:10:16,0,Bardzo dobry,2026-07-04 05:00:00,2026-07-04 05:10:16,0,Bardzo dobry,2026-07-04 05:00:00,2026-07-04 05:10:16,0,Bardzo dobry,2026-07-04 05:00:00,2026-07-04 05:10:16,0,Bardzo dobry,2026-07-04 05:00:00,True,OZON
52,2026-07-04 05:10:16,0,Bardzo dobry,2026-07-04 05:00:00,2026-07-04 05:10:16,0,Bardzo dobry,2026-07-04 05:00:00,2026-07-04 05:10:16,0,Bardzo dobry,2026-07-04 05:00:00,2026-07-04 05:10:16,0,Bardzo dobry,2026-07-04 05:00:00,2026-07-04 05:10:16,0,Bardzo dobry,2026-07-04 05:00:00,2026-07-04 05:10:16,0,Bardzo dobry,2026-07-04 05:00:00,True,OZON
70,2026-07-04 05:10:16,0,Bardzo dobry,2026-07-04 05:00:00,2026-07-04 05:10:16,,,,2026-07-04 05:10:16,0,Bardzo dobry,2026-07-04 05:00:00,2026-07-04 05:10:16,0,Bardzo dobry,2026-07-04 05:00:00,2026-07-04 05:10:16,0,Bardzo dobry,2026-07-04 05:00:00,2026-07-04 05:10:16,0,Bardzo dobry,2026-07-04 05:00:00,True,OZON
74,2026-07-04 05:10:16,0,Bardzo dobry,2026-07-04 05:00:00,2026-07-04 05:10:16,0,Bardzo dobry,2026-07-04 05:00:00,2026-07-04 05:10:16,0,Bardzo dobry,2026-07-04 05:00:00,2026-07-04 05:10:16,,,,2026-07-04 05:10:16,,,,2026-07-04 05:10:16,0,Bardzo dobry,2026-07-04 05:00:00,True,OZON
109,2026-07-04 05:10:16,0,Bardzo dobry,2026-07-04 05:00:00,2026-07-04 05:10:16,0,Bardzo dobry,2026-07-04 05:00:00,2026-07-04 05:10:16,0,Bardzo dobry,2026-07-04 05:00:00,2026-07-04 05:10:16,0,Bardzo dobry,2026-07-04 05:00:00,2026-07-04 05:10:16,0,Bardzo dobry,2026-07-04 05:00:00,2026-07-04 05:10:16,0,Bardzo dobry,2026-07-04 05:00:00,True,OZON
114,2026-07-04 05:10:16,0,Bardzo dobry,2026-07-04 05:00:00,,,,,2026-07-04 05:10:16,0,Bardzo dobry,2026-07-04 05:00:00,,,,,,,,,2026-07-04 05:10:16,0,Bardzo dobry,2026-07-04 05:00:00,True,OZON
129,2026-07-04 05:10:16,0,Bardzo dobry,2026-07-04 05:00:00,2026-07-04 05:10:16,,,,2026-07-04 05:10:16,0,Bardzo dobry,2026-07-04 05:00:00,2026-07-04 05:10:16,,,,2026-07-04 05:10:16,0,Bardzo dobry,2026-07-04 04:00:00,,,,,True,OZON
142,2026-07-04 05:15:14,0,Bardzo dobry,2026-07-04 05:00:00,2026-07-04 05:15:14,,,,2026-07-04 05:15:14,0,Bardzo dobry,2026-07-04 05:00:00,2026-07-04 05:15:14,0,Bardzo dobry,2026-07-04 05:00:00,,,,,,,,,True,PYL
143,2026-07-04 05:15:14,0,Bardzo dobry,2026-07-04 05:00:00,2026-07-04 05:15:14,,,,2026-07-04 05:15:14,,,,2026-07-04 05:15:14,0,Bardzo dobry,2026-07-04 05:00:00,,,,,,,,,True,PYL
145,2026-07-04 05:15:14,0,Bardzo dobry,2026-07-04 05:00:00,2026-07-04 05:15:14,,,,2026-07-04 05:15:14,,,,2026-07-04 05:15:14,0,Bardzo dobry,2026-07-04 05:00:00,,,,,,,,,True,PYL
11,2026-07-04 12:20:26,1,Dobry,2026-07-04 12:00:00,2026-07-04 12:20:26,,,,2026-07-04 12:20:26,0,Bardzo dobry,2026-07-04 12:00:00,2026-07-04 12:20:26,0,Bardzo dobry,2026-07-04 11:00:00,,,,,2026-07-04 12:20:26,1,Dobry,2026-07-04 12:00:00,True,OZON
16,2026-07-04 12:20:26,-1,Brak indeksu,2026-07-04 11:00:00,2026-07-04 12:20:26,,,,2026-07-04 12:20:26,,,,2026-07-04 12:20:26,0,Bardzo dobry,2026-07-04 11:00:00,,,,,,,,,False,OZON
38,2026-07-04 12:20:26,1,Dobry,2026-07-04 12:00:00,2026-07-04 12:20:26,,,,2026-07-04 12:20:26,0,Bardzo dobry,2026-07-04 12:00:00,2026-07-04 12:20:26,0,Bardzo dobry,2026-07-04 12:00:00,2026-07-04 12:20:26,0,Bardzo dobry,2026-07-04 12:00:00,2026-07-04 12:20:26,1,Dobry,2026-07-04 12:00:00,True,OZON
52,2026-07-04 12:20:26,0,Bardzo dobry,2026-07-04 12:00:00,2026-07-04 12:20:26,0,Bardzo dobry,2026-07-04 12:00:00,2026-07-04 12:20:26,0,Bardzo dobry,2026-07-04 12:00:00,2026-07-04 12:20:26,0,Bardzo dobry,2026-07-04 12:00:00,2026-07-04 12:20:26,0,Bardzo dobry,2026-07-04 12:00:00,2026-07-04 12:20:26,0,Bardzo dobry,2026-07-04 12:00:00,True,OZON
70,2026-07-04 12:20:26,1,Dobry,2026-07-04 12:00:00,2026-07-04 12:20:26,,,,2026-07-04 12:20:26,0,Bardzo dobry,2026-07-04 12:00:00,2026-07-04 12:20:26,0,Bardzo dobry,2026-07-04 12:00:00,2026-07-04 12:20:26,0,Bardzo dobry,2026-07-04 12:00:00,2026-07-04 12:20:26,1,Dobry,2026-07-04 12:00:00,True,OZON
74,2026-07-04 12:20:26,0,Bardzo dobry,2026-07-04 12:00:00,2026-07-04 12:20:26,0,Bardzo dobry,2026-07-04 12:00:00,2026-07-04 12:20:26,0,Bardzo dobry,2026-07-04 12:00:00,2026-07-04 12:20:26,,,,2026-07-04 12:20:26,,,,2026-07-04 12:20:26,0,Bardzo dobry,2026-07-04 12:00:00,True,OZON
109,2026-07-04 12:20:26,0,Bardzo dobry,2026-07-04 12:00:00,2026-07-04 12:20:26,0,Bardzo dobry,2026-07-04 12:00:00,2026-07-04 12:20:26,0,Bardzo dobry,2026-07-04 12:00:00,2026-07-04 12:20:26,0,Bardzo dobry,2026-07-04 12:00:00,2026-07-04 12:20:26,0,Bardzo dobry,2026-07-04 12:00:00,2026-07-04 12:20:26,0,Bardzo dobry,2026-07-04 12:00:00,True,OZON
114,2026-07-04 12:20:26,0,Bardzo dobry,2026-07-04 12:00:00,,,,,2026-07-04 12:20:26,0,Bardzo dobry,2026-07-04 12:00:00,,,,,,,,,2026-07-04 12:20:26,0,Bardzo dobry,2026-07-04 12:00:00,True,OZON
129,2026-07-04 12:20:26,-1,Brak indeksu,2026-07-04 12:00:00,2026-07-04 12:20:26,,,,2026-07-04 12:20:26,0,Bardzo dobry,2026-07-04 12:00:00,2026-07-04 12:20:26,,,,2026-07-04 12:20:26,0,Bardzo dobry,2026-07-04 11:00:00,,,,,False,OZON
142,2026-07-04 12:35:29,0,Bardzo dobry,2026-07-04 12:00:00,2026-07-04 12:35:29,,,,2026-07-04 12:35:29,0,Bardzo dobry,2026-07-04 12:00:00,2026-07-04 12:35:29,0,Bardzo dobry,2026-07-04 12:00:00,,,,,,,,,True,PYL
143,2026-07-04 12:35:29,0,Bardzo dobry,2026-07-04 12:00:00,2026-07-04 12:35:29,,,,2026-07-04 12:35:29,,,,2026-07-04 12:35:29,0,Bardzo dobry,2026-07-04 12:00:00,,,,,,,,,True,PYL
145,2026-07-04 12:35:29,0,Bardzo dobry,2026-07-04 12:00:00,2026-07-04 12:35:29,,,,2026-07-04 12:35:29,,,,2026-07-04 12:35:29,0,Bardzo dobry,2026-07-04 12:00:00,,,,,,,,,True,PYL
11,2026-07-04 21:10:25,1,Dobry,2026-07-04 21:00:00,2026-07-04 21:10:25,,,,2026-07-04 21:10:25,0,Bardzo dobry,2026-07-04 21:00:00,2026-07-04 21:10:25,0,Bardzo dobry,2026-07-04 20:00:00,,,,,2026-07-04 21:10:25,1,Dobry,2026-07-04 21:00:00,True,OZON
16,2026-07-04 21:10:25,-1,Brak indeksu,2026-07-04 20:00:00,2026-07-04 21:10:25,,,,2026-07-04 21:10:25,,,,2026-07-04 21:10:25,0,Bardzo dobry,2026-07-04 20:00:00,,,,,,,,,False,OZON
38,2026-07-04 21:10:25,1,Dobry,2026-07-04 21:00:00,2026-07-04 21:10:25,,,,2026-07-04 21:10:25,0,Bardzo dobry,2026-07-04 21:00:00,2026-07-04 21:10:25,0,Bardzo dobry,2026-07-04 21:00:00,2026-07-04 21:10:25,0,Bardzo dobry,2026-07-04 21:00:00,2026-07-04 21:10:25,1,Dobry,2026-07-04 21:00:00,True,OZON
52,2026-07-04 21:10:25,1,Dobry,2026-07-04 21:00:00,2026-07-04 21:10:25,0,Bardzo dobry,2026-07-04 21:00:00,2026-07-04 21:10:25,0,Bardzo dobry,2026-07-04 21:00:00,2026-07-04 21:10:25,0,Bardzo dobry,2026-07-04 21:00:00,2026-07-04 21:10:25,0,Bardzo dobry,2026-07-04 21:00:00,2026-07-04 21:10:25,1,Dobry,2026-07-04 21:00:00,True,OZON
70,2026-07-04 21:10:25,1,Dobry,2026-07-04 21:00:00,2026-07-04 21:10:25,,,,2026-07-04 21:10:25,0,Bardzo dobry,2026-07-04 21:00:00,2026-07-04 21:10:25,0,Bardzo dobry,2026-07-04 21:00:00,2026-07-04 21:10:25,0,Bardzo dobry,2026-07-04 21:00:00,2026-07-04 21:10:25,1,Dobry,2026-07-04 21:00:00,True,OZON
74,2026-07-04 21:10:25,1,Dobry,2026-07-04 21:00:00,2026-07-04 21:10:25,0,Bardzo dobry,2026-07-04 21:00:00,2026-07-04 21:10:25,0,Bardzo dobry,2026-07-04 21:00:00,2026-07-04 21:10:25,,,,2026-07-04 21:10:25,,,,2026-07-04 21:10:25,1,Dobry,2026-07-04 21:00:00,True,OZON
109,2026-07-04 21:10:25,1,Dobry,2026-07-04 21:00:00,2026-07-04 21:10:25,0,Bardzo dobry,2026-07-04 21:00:00,2026-07-04 21:10:25,0,Bardzo dobry,2026-07-04 21:00:00,2026-07-04 21:10:25,0,Bardzo dobry,2026-07-04 21:00:00,2026-07-04 21:10:25,0,Bardzo dobry,2026-07-04 21:00:00,2026-07-04 21:10:25,1,Dobry,2026-07-04 21:00:00,True,OZON
114,2026-07-04 21:10:25,1,Dobry,2026-07-04 21:00:00,,,,,2026-07-04 21:10:25,0,Bardzo dobry,2026-07-04 21:00:00,,,,,,,,,2026-07-04 21:10:25,1,Dobry,2026-07-04 21:00:00,True,OZON
129,2026-07-04 21:10:25,1,Dobry,2026-07-04 20:00:00,2026-07-04 21:10:25,,,,2026-07-04 21:10:25,0,Bardzo dobry,2026-07-04 21:00:00,2026-07-04 21:10:25,,,,2026-07-04 21:10:25,1,Dobry,2026-07-04 20:00:00,,,,,True,OZON
142,2026-07-04 21:16:10,0,Bardzo dobry,2026-07-04 21:00:00,2026-07-04 21:16:10,,,,2026-07-04 21:16:10,0,Bardzo dobry,2026-07-04 21:00:00,2026-07-04 21:16:10,0,Bardzo dobry,2026-07-04 21:00:00,,,,,,,,,True,OZON
143,2026-07-04 21:16:10,0,Bardzo dobry,2026-07-04 21:00:00,2026-07-04 21:16:10,,,,2026-07-04 21:16:10,,,,2026-07-04 21:16:10,0,Bardzo dobry,2026-07-04 21:00:00,,,,,,,,,True,OZON
145,2026-07-04 21:16:10,1,Dobry,2026-07-04 21:00:00,2026-07-04 21:16:10,,,,2026-07-04 21:16:10,,,,2026-07-04 21:16:10,1,Dobry,2026-07-04 21:00:00,,,,,,,,,True,OZON
11,2026-07-05 05:20:25,0,Bardzo dobry,2026-07-05 04:00:00,2026-07-05 05:20:25,,,,2026-07-05 05:20:25,0,Bardzo dobry,2026-07-05 05:00:00,2026-07-05 05:20:25,0,Bardzo dobry,2026-07-05 04:00:00,,,,,2026-07-05 05:20:25,0,Bardzo dobry,2026-07-05 05:00:00,True,OZON
16,2026-07-05 05:20:25,0,Bardzo dobry,2026-07-05 04:00:00,2026-07-05 05:20:25,,,,2026-07-05 05:20:25,,,,2026-07-05 05:20:25,0,Bardzo dobry,2026-07-05 04:00:00,,,,,,,,,True,OZON
38,2026-07-05 05:20:25,0,Bardzo dobry,2026-07-05 05:00:00,2026-07-05 05:20:25,,,,2026-07-05 05:20:25,0,Bardzo dobry,2026-07-05 05:00:00,2026-07-05 05:20:25,0,Bardzo dobry,2026-07-05 05:00:00,2026-07-05 05:20:25,0,Bardzo dobry,2026-07-05 05:00:00,2026-07-05 05:20:25,0,Bardzo dobry,2026-07-05 05:00:00,True,OZON
52,2026-07-05 05:20:25,0,Bardzo dobry,2026-07-05 05:00:00,2026-07-05 05:20:25,0,Bardzo dobry,2026-07-05 05:00:00,2026-07-05 05:20:25,0,Bardzo dobry,2026-07-05 05:00:00,2026-07-05 05:20:25,0,Bardzo dobry,2026-07-05 05:00:00,2026-07-05 05:20:25,0,Bardzo dobry,2026-07-05 05:00:00,2026-07-05 05:20:25,0,Bardzo dobry,2026-07-05 05:00:00,True,OZON
70,2026-07-05 05:20:25,0,Bardzo dobry,2026-07-05 05:00:00,2026-07-05 05:20:25,,,,2026-07-05 05:20:25,0,Bardzo dobry,2026-07-05 05:00:00,2026-07-05 05:20:25,0,Bardzo dobry,2026-07-05 05:00:00,2026-07-05 05:20:25,0,Bardzo dobry,2026-07-05 05:00:00,2026-07-05 05:20:25,0,Bardzo dobry,2026-07-05 05:00:00,True,OZON
74,2026-07-05 05:20:25,0,Bardzo dobry,2026-07-05 05:00:00,2026-07-05 05:20:25,0,Bardzo dobry,2026-07-05 05:00:00,2026-07-05 05:20:25,0,Bardzo dobry,2026-07-05 05:00:00,2026-07-05 05:20:25,,,,2026-07-05 05:20:25,,,,2026-07-05 05:20:25,0,Bardzo dobry,2026-07-05 05:00:00,True,OZON
109,2026-07-05 05:20:25,0,Bardzo dobry,2026-07-05 05:00:00,2026-07-05 05:20:25,0,Bardzo dobry,2026-07-05 05:00:00,2026-07-05 05:20:25,0,Bardzo dobry,2026-07-05 05:00:00,2026-07-05 05:20:25,0,Bardzo dobry,2026-07-05 05:00:00,2026-07-05 05:20:25,0,Bardzo dobry,2026-07-05 05:00:00,2026-07-05 05:20:25,0,Bardzo dobry,2026-07-05 05:00:00,True,OZON
114,2026-07-05 05:20:25,0,Bardzo dobry,2026-07-05 05:00:00,,,,,2026-07-05 05:20:25,0,Bardzo dobry,2026-07-05 05:00:00,,,,,,,,,2026-07-05 05:20:25,0,Bardzo dobry,2026-07-05 05:00:00,True,OZON
129,2026-07-05 05:20:25,0,Bardzo dobry,2026-07-05 05:00:00,2026-07-05 05:20:25,,,,2026-07-05 05:20:25,0,Bardzo dobry,2026-07-05 05:00:00,2026-07-05 05:20:25,,,,2026-07-05 05:20:25,0,Bardzo dobry,2026-07-05 04:00:00,,,,,True,OZON
142,2026-07-05 05:15:53,1,Dobry,2026-07-05 05:00:00,2026-07-05 05:15:53,,,,2026-07-05 05:15:53,0,Bardzo dobry,2026-07-05 05:00:00,2026-07-05 05:15:53,1,Dobry,2026-07-05 05:00:00,,,,,,,,,True,PYL
143,2026-07-05 05:15:53,0,Bardzo dobry,2026-07-05 05:00:00,2026-07-05 05:15:53,,,,2026-07-05 05:15:53,,,,2026-07-05 05:15:53,0,Bardzo dobry,2026-07-05 05:00:00,,,,,,,,,True,PYL
145,2026-07-05 05:15:53,0,Bardzo dobry,2026-07-05 05:00:00,2026-07-05 05:15:53,,,,2026-07-05 05:15:53,,,,2026-07-05 05:15:53,0,Bardzo dobry,2026-07-05 05:00:00,,,,,,,,,True,PYL
11,2026-07-05 12:20:36,0,Bardzo dobry,2026-07-05 11:00:00,2026-07-05 12:20:36,,,,2026-07-05 12:20:36,0,Bardzo dobry,2026-07-05 12:00:00,2026-07-05 12:20:36,0,Bardzo dobry,2026-07-05 11:00:00,,,,,2026-07-05 12:20:36,0,Bardzo dobry,2026-07-05 12:00:00,True,OZON
38,2026-07-05 12:20:36,0,Bardzo dobry,2026-07-05 12:00:00,2026-07-05 12:20:36,,,,2026-07-05 12:20:36,0,Bardzo dobry,2026-07-05 12:00:00,2026-07-05 12:20:36,0,Bardzo dobry,2026-07-05 12:00:00,2026-07-05 12:20:36,0,Bardzo dobry,2026-07-05 12:00:00,2026-07-05 12:20:36,0,Bardzo dobry,2026-07-05 12:00:00,True,OZON
52,2026-07-05 12:20:36,0,Bardzo dobry,2026-07-05 12:00:00,2026-07-05 12:20:36,0,Bardzo dobry,2026-07-05 12:00:00,2026-07-05 12:20:36,0,Bardzo dobry,2026-07-05 12:00:00,2026-07-05 12:20:36,0,Bardzo dobry,2026-07-05 12:00:00,2026-07-05 12:20:36,0,Bardzo dobry,2026-07-05 12:00:00,2026-07-05 12:20:36,0,Bardzo dobry,2026-07-05 12:00:00,True,OZON
70,2026-07-05 12:20:36,0,Bardzo dobry,2026-07-05 12:00:00,2026-07-05 12:20:36,,,,2026-07-05 12:20:36,0,Bardzo dobry,2026-07-05 12:00:00,2026-07-05 12:20:36,0,Bardzo dobry,2026-07-05 12:00:00,2026-07-05 12:20:36,0,Bardzo dobry,2026-07-05 12:00:00,2026-07-05 12:20:36,0,Bardzo dobry,2026-07-05 12:00:00,True,OZON
74,2026-07-05 12:20:36,0,Bardzo dobry,2026-07-05 12:00:00,2026-07-05 12:20:36,0,Bardzo dobry,2026-07-05 12:00:00,2026-07-05 12:20:36,0,Bardzo dobry,2026-07-05 12:00:00,2026-07-05 12:20:36,,,,2026-07-05 12:20:36,,,,2026-07-05 12:20:36,0,Bardzo dobry,2026-07-05 12:00:00,True,OZON
109,2026-07-05 12:20:36,0,Bardzo dobry,2026-07-05 12:00:00,2026-07-05 12:20:36,0,Bardzo dobry,2026-07-05 12:00:00,2026-07-05 12:20:36,0,Bardzo dobry,2026-07-05 12:00:00,2026-07-05 12:20:36,0,Bardzo dobry,2026-07-05 12:00:00,2026-07-05 12:20:36,0,Bardzo dobry,2026-07-05 12:00:00,2026-07-05 12:20:36,0,Bardzo dobry,2026-07-05 12:00:00,True,OZON
114,2026-07-05 12:20:36,0,Bardzo dobry,2026-07-05 12:00:00,,,,,2026-07-05 12:20:36,0,Bardzo dobry,2026-07-05 12:00:00,,,,,,,,,2026-07-05 12:20:36,0,Bardzo dobry,2026-07-05 12:00:00,True,OZON
129,2026-07-05 12:20:36,0,Bardzo dobry,2026-07-05 12:00:00,2026-07-05 12:20:36,,,,2026-07-05 12:20:36,0,Bardzo dobry,2026-07-05 12:00:00,2026-07-05 12:20:36,,,,2026-07-05 12:20:36,0,Bardzo dobry,2026-07-05 11:00:00,,,,,True,OZON
142,2026-07-05 12:35:37,0,Bardzo dobry,2026-07-05 12:00:00,2026-07-05 12:35:37,,,,2026-07-05 12:35:37,0,Bardzo dobry,2026-07-05 12:00:00,2026-07-05 12:35:37,0,Bardzo dobry,2026-07-05 12:00:00,,,,,,,,,True,OZON
143,2026-07-05 12:35:37,0,Bardzo dobry,2026-07-05 12:00:00,2026-07-05 12:35:37,,,,2026-07-05 12:35:37,,,,2026-07-05 12:35:37,0,Bardzo dobry,2026-07-05 12:00:00,,,,,,,,,True,OZON
145,2026-07-05 12:35:37,0,Bardzo dobry,2026-07-05 12:00:00,2026-07-05 12:35:37,,,,2026-07-05 12:35:37,,,,2026-07-05 12:35:37,0,Bardzo dobry,2026-07-05 12:00:00,,,,,,,,,True,OZON
11,2026-07-05 21:20:18,1,Dobry,2026-07-05 21:00:00,2026-07-05 21:20:18,,,,2026-07-05 21:20:18,0,Bardzo dobry,2026-07-05 21:00:00,2026-07-05 21:20:18,0,Bardzo dobry,2026-07-05 20:00:00,,,,,2026-07-05 21:20:18,1,Dobry,2026-07-05 21:00:00,True,OZON
16,2026-07-05 21:20:18,-1,Brak indeksu,2026-07-05 20:00:00,2026-07-05 21:20:18,,,,2026-07-05 21:20:18,,,,2026-07-05 21:20:18,0,Bardzo dobry,2026-07-05 20:00:00,,,,,,,,,False,OZON
38,2026-07-05 21:20:18,1,Dobry,2026-07-05 21:00:00,2026-07-05 21:20:18,,,,2026-07-05 21:20:18,0,Bardzo dobry,2026-07-05 21:00:00,2026-07-05 21:20:18,0,Bardzo dobry,2026-07-05 21:00:00,2026-07-05 21:20:18,0,Bardzo dobry,2026-07-05 21:00:00,2026-07-05 21:20:18,1,Dobry,2026-07-05 21:00:00,True,OZON
52,2026-07-05 21:20:18,1,Dobry,2026-07-05 21:00:00,2026-07-05 21:20:18,0,Bardzo dobry,2026-07-05 21:00:00,2026-07-05 21:20:18,0,Bardzo dobry,2026-07-05 21:00:00,2026-07-05 21:20:18,0,Bardzo dobry,2026-07-05 21:00:00,2026-07-05 21:20:18,0,Bardzo dobry,2026-07-05 21:00:00,2026-07-05 21:20:18,1,Dobry,2026-07-05 21:00:00,True,OZON
70,2026-07-05 21:20:18,1,Dobry,2026-07-05 21:00:00,2026-07-05 21:20:18,,,,2026-07-05 21:20:18,0,Bardzo dobry,2026-07-05 21:00:00,2026-07-05 21:20:18,0,Bardzo dobry,2026-07-05 21:00:00,2026-07-05 21:20:18,0,Bardzo dobry,2026-07-05 21:00:00,2026-07-05 21:20:18,1,Dobry,2026-07-05 21:00:00,True,OZON
74,2026-07-05 21:20:18,1,Dobry,2026-07-05 21:00:00,2026-07-05 21:20:18,0,Bardzo dobry,2026-07-05 21:00:00,2026-07-05 21:20:18,0,Bardzo dobry,2026-07-05 21:00:00,2026-07-05 21:20:18,,,,2026-07-05 21:20:18,,,,2026-07-05 21:20:18,1,Dobry,2026-07-05 21:00:00,True,OZON
109,2026-07-05 21:20:18,1,Dobry,2026-07-05 21:00:00,2026-07-05 21:20:18,0,Bardzo dobry,2026-07-05 21:00:00,2026-07-05 21:20:18,0,Bardzo dobry,2026-07-05 21:00:00,2026-07-05 21:20:18,0,Bardzo dobry,2026-07-05 21:00:00,2026-07-05 21:20:18,0,Bardzo dobry,2026-07-05 21:00:00,2026-07-05 21:20:18,1,Dobry,2026-07-05 21:00:00,True,OZON
114,2026-07-05 21:20:18,1,Dobry,2026-07-05 21:00:00,,,,,2026-07-05 21:20:18,0,Bardzo dobry,2026-07-05 21:00:00,,,,,,,,,2026-07-05 21:20:18,1,Dobry,2026-07-05 21:00:00,True,OZON
129,2026-07-05 21:20:18,-1,Brak indeksu,2026-07-05 21:00:00,2026-07-05 21:20:18,,,,2026-07-05 21:20:18,0,Bardzo dobry,2026-07-05 21:00:00,2026-07-05 21:20:18,,,,2026-07-05 21:20:18,0,Bardzo dobry,2026-07-05 20:00:00,,,,,False,OZON
142,2026-07-05 21:15:25,-1,Brak indeksu,2026-07-05 21:00:00,2026-07-05 21:15:25,,,,2026-07-05 21:15:25,0,Bardzo dobry,2026-07-05 21:00:00,2026-07-05 21:15:25,0,Bardzo dobry,2026-07-05 21:00:00,,,,,,,,,False,OZON
143,2026-07-05 21:15:25,-1,Brak indeksu,2026-07-05 21:00:00,2026-07-05 21:15:25,,,,2026-07-05 21:15:25,,,,2026-07-05 21:15:25,0,Bardzo dobry,2026-07-05 21:00:00,,,,,,,,,False,OZON
145,2026-07-05 21:15:25,-1,Brak indeksu,2026-07-05 21:00:00,2026-07-05 21:15:25,,,,2026-07-05 21:15:25,,,,2026-07-05 21:15:25,0,Bardzo dobry,2026-07-05 21:00:00,,,,,,,,,False,OZON
11,2026-07-06 05:20:30,0,Bardzo dobry,2026-07-06 04:00:00,2026-07-06 05:20:30,,,,2026-07-06 05:20:30,0,Bardzo dobry,2026-07-06 05:00:00,2026-07-06 05:20:30,0,Bardzo dobry,2026-07-06 04:00:00,,,,,2026-07-06 05:20:30,0,Bardzo dobry,2026-07-06 05:00:00,True,OZON
16,2026-07-06 05:20:30,0,Bardzo dobry,2026-07-06 04:00:00,2026-07-06 05:20:30,,,,2026-07-06 05:20:30,,,,2026-07-06 05:20:30,0,Bardzo dobry,2026-07-06 04:00:00,,,,,,,,,True,OZON
38,2026-07-06 05:20:30,0,Bardzo dobry,2026-07-06 05:00:00,2026-07-06 05:20:30,,,,2026-07-06 05:20:30,0,Bardzo dobry,2026-07-06 05:00:00,2026-07-06 05:20:30,0,Bardzo dobry,2026-07-06 05:00:00,2026-07-06 05:20:30,0,Bardzo dobry,2026-07-06 05:00:00,2026-07-06 05:20:30,0,Bardzo dobry,2026-07-06 05:00:00,True,OZON
52,2026-07-06 05:20:30,0,Bardzo dobry,2026-07-06 05:00:00,2026-07-06 05:20:30,0,Bardzo dobry,2026-07-06 05:00:00,2026-07-06 05:20:30,0,Bardzo dobry,2026-07-06 05:00:00,2026-07-06 05:20:30,0,Bardzo dobry,2026-07-06 05:00:00,2026-07-06 05:20:30,0,Bardzo dobry,2026-07-06 05:00:00,2026-07-06 05:20:30,0,Bardzo dobry,2026-07-06 05:00:00,True,OZON
70,2026-07-06 05:20:30,0,Bardzo dobry,2026-07-06 05:00:00,2026-07-06 05:20:30,,,,2026-07-06 05:20:30,0,Bardzo dobry,2026-07-06 05:00:00,2026-07-06 05:20:30,0,Bardzo dobry,2026-07-06 05:00:00,2026-07-06 05:20:30,0,Bardzo dobry,2026-07-06 05:00:00,2026-07-06 05:20:30,0,Bardzo dobry,2026-07-06 05:00:00,True,OZON
74,2026-07-06 05:20:30,0,Bardzo dobry,2026-07-06 05:00:00,2026-07-06 05:20:30,0,Bardzo dobry,2026-07-06 05:00:00,2026-07-06 05:20:30,0,Bardzo dobry,2026-07-06 05:00:00,2026-07-06 05:20:30,,,,2026-07-06 05:20:30,,,,2026-07-06 05:20:30,0,Bardzo dobry,2026-07-06 05:00:00,True,OZON
109,2026-07-06 05:20:30,0,Bardzo dobry,2026-07-06 05:00:00,2026-07-06 05:20:30,0,Bardzo dobry,2026-07-06 05:00:00,2026-07-06 05:20:30,0,Bardzo dobry,2026-07-06 05:00:00,2026-07-06 05:20:30,0,Bardzo dobry,2026-07-06 05:00:00,2026-07-06 05:20:30,0,Bardzo dobry,2026-07-06 05:00:00,2026-07-06 05:20:30,0,Bardzo dobry,2026-07-06 05:00:00,True,OZON
114,2026-07-06 05:20:30,0,Bardzo dobry,2026-07-06 05:00:00,,,,,2026-07-06 05:20:30,0,Bardzo dobry,2026-07-06 05:00:00,,,,,,,,,2026-07-06 05:20:30,0,Bardzo dobry,2026-07-06 05:00:00,True,OZON
129,2026-07-06 05:20:30,0,Bardzo dobry,2026-07-06 05:00:00,2026-07-06 05:20:30,,,,2026-07-06 05:20:30,0,Bardzo dobry,2026-07-06 05:00:00,2026-07-06 05:20:30,,,,2026-07-06 05:20:30,0,Bardzo dobry,2026-07-06 04:00:00,,,,,True,OZON
142,2026-07-06 05:35:27,1,Dobry,2026-07-06 05:00:00,2026-07-06 05:35:27,,,,2026-07-06 05:35:27,0,Bardzo dobry,2026-07-06 05:00:00,2026-07-06 05:35:27,1,Dobry,2026-07-06 05:00:00,,,,,,,,,True,PYL
143,2026-07-06 05:35:27,0,Bardzo dobry,2026-07-06 05:00:00,2026-07-06 05:35:27,,,,2026-07-06 05:35:27,,,,2026-07-06 05:35:27,0,Bardzo dobry,2026-07-06 05:00:00,,,,,,,,,True,PYL
145,2026-07-06 05:35:27,0,Bardzo dobry,2026-07-06 05:00:00,2026-07-06 05:35:27,,,,2026-07-06 05:35:27,,,,2026-07-06 05:35:27,0,Bardzo dobry,2026-07-06 05:00:00,,,,,,,,,True,PYL
11,2026-07-06 14:20:32,0,Bardzo dobry,2026-07-06 13:00:00,2026-07-06 14:20:32,,,,2026-07-06 14:20:32,0,Bardzo dobry,2026-07-06 14:00:00,2026-07-06 14:20:32,0,Bardzo dobry,2026-07-06 13:00:00,,,,,2026-07-06 14:20:32,0,Bardzo dobry,2026-07-06 14:00:00,True,OZON
16,2026-07-06 14:20:32,0,Bardzo dobry,2026-07-06 13:00:00,2026-07-06 14:20:32,,,,2026-07-06 14:20:32,,,,2026-07-06 14:20:32,0,Bardzo dobry,2026-07-06 13:00:00,,,,,,,,,True,OZON
38,2026-07-06 14:20:32,0,Bardzo dobry,2026-07-06 14:00:00,2026-07-06 14:20:32,,,,2026-07-06 14:20:32,0,Bardzo dobry,2026-07-06 14:00:00,2026-07-06 14:20:32,0,Bardzo dobry,2026-07-06 14:00:00,2026-07-06 14:20:32,0,Bardzo dobry,2026-07-06 14:00:00,2026-07-06 14:20:32,0,Bardzo dobry,2026-07-06 14:00:00,True,OZON
52,2026-07-06 14:20:32,1,Dobry,2026-07-06 14:00:00,2026-07-06 14:20:32,0,Bardzo dobry,2026-07-06 14:00:00,2026-07-06 14:20:32,0,Bardzo dobry,2026-07-06 14:00:00,2026-07-06 14:20:32,0,Bardzo dobry,2026-07-06 14:00:00,2026-07-06 14:20:32,0,Bardzo dobry,2026-07-06 14:00:00,2026-07-06 14:20:32,1,Dobry,2026-07-06 14:00:00,True,OZON
70,2026-07-06 14:20:32,1,Dobry,2026-07-06 14:00:00,2026-07-06 14:20:32,,,,2026-07-06 14:20:32,0,Bardzo dobry,2026-07-06 14:00:00,2026-07-06 14:20:32,0,Bardzo dobry,2026-07-06 14:00:00,2026-07-06 14:20:32,0,Bardzo dobry,2026-07-06 14:00:00,2026-07-06 14:20:32,1,Dobry,2026-07-06 14:00:00,True,OZON
74,2026-07-06 14:20:32,0,Bardzo dobry,2026-07-06 14:00:00,2026-07-06 14:20:32,0,Bardzo dobry,2026-07-06 14:00:00,2026-07-06 14:20:32,0,Bardzo dobry,2026-07-06 14:00:00,2026-07-06 14:20:32,,,,2026-07-06 14:20:32,,,,2026-07-06 14:20:32,0,Bardzo dobry,2026-07-06 14:00:00,True,OZON
109,2026-07-06 14:20:32,0,Bardzo dobry,2026-07-06 14:00:00,2026-07-06 14:20:32,0,Bardzo dobry,2026-07-06 14:00:00,2026-07-06 14:20:32,0,Bardzo dobry,2026-07-06 14:00:00,2026-07-06 14:20:32,0,Bardzo dobry,2026-07-06 14:00:00,2026-07-06 14:20:32,0,Bardzo dobry,2026-07-06 14:00:00,2026-07-06 14:20:32,0,Bardzo dobry,2026-07-06 14:00:00,True,OZON
114,2026-07-06 14:20:32,1,Dobry,2026-07-06 14:00:00,,,,,2026-07-06 14:20:32,0,Bardzo dobry,2026-07-06 14:00:00,,,,,,,,,2026-07-06 14:20:32,1,Dobry,2026-07-06 14:00:00,True,OZON
117,2026-07-06 14:20:32,1,Dobry,2026-07-06 14:00:00,2026-07-06 14:20:32,0,Bardzo dobry,2026-07-06 14:00:00,2026-07-06 14:20:32,0,Bardzo dobry,2026-07-06 14:00:00,2026-07-06 14:20:32,1,Dobry,2026-07-06 14:00:00,2026-07-06 14:20:32,1,Dobry,2026-07-06 14:00:00,2026-07-06 14:20:32,0,Bardzo dobry,2026-07-06 14:00:00,True,OZON
129,2026-07-06 14:20:32,0,Bardzo dobry,2026-07-06 14:00:00,2026-07-06 14:20:32,,,,2026-07-06 14:20:32,0,Bardzo dobry,2026-07-06 14:00:00,2026-07-06 14:20:32,,,,2026-07-06 14:20:32,0,Bardzo dobry,2026-07-06 13:00:00,,,,,True,OZON
142,2026-07-06 14:37:01,1,Dobry,2026-07-06 14:00:00,2026-07-06 14:37:01,,,,2026-07-06 14:37:01,0,Bardzo dobry,2026-07-06 14:00:00,2026-07-06 14:37:01,1,Dobry,2026-07-06 14:00:00,,,,,,,,,True,OZON
143,2026-07-06 14:37:01,-1,Brak indeksu,2026-07-06 14:00:00,2026-07-06 14:37:01,,,,2026-07-06 14:37:01,,,,2026-07-06 14:37:01,0,Bardzo dobry,2026-07-06 14:00:00,,,,,,,,,False,OZON
11,2026-07-06 21:20:24,0,Bardzo dobry,2026-07-06 20:00:00,2026-07-06 21:20:24,,,,2026-07-06 21:20:24,0,Bardzo dobry,2026-07-06 21:00:00,2026-07-06 21:20:24,0,Bardzo dobry,2026-07-06 20:00:00,,,,,2026-07-06 21:20:24,0,Bardzo dobry,2026-07-06 21:00:00,True,OZON
16,2026-07-06 21:20:24,0,Bardzo dobry,2026-07-06 19:00:00,2026-07-06 21:20:24,,,,2026-07-06 21:20:24,,,,2026-07-06 21:20:24,0,Bardzo dobry,2026-07-06 19:00:00,,,,,,,,,True,OZON
38,2026-07-06 21:20:24,0,Bardzo dobry,2026-07-06 21:00:00,2026-07-06 21:20:24,,,,2026-07-06 21:20:24,0,Bardzo dobry,2026-07-06 21:00:00,2026-07-06 21:20:24,0,Bardzo dobry,2026-07-06 21:00:00,2026-07-06 21:20:24,0,Bardzo dobry,2026-07-06 21:00:00,2026-07-06 21:20:24,0,Bardzo dobry,2026-07-06 21:00:00,True,OZON
52,2026-07-06 21:20:24,0,Bardzo dobry,2026-07-06 21:00:00,2026-07-06 21:20:24,0,Bardzo dobry,2026-07-06 21:00:00,2026-07-06 21:20:24,0,Bardzo dobry,2026-07-06 21:00:00,2026-07-06 21:20:24,0,Bardzo dobry,2026-07-06 21:00:00,2026-07-06 21:20:24,0,Bardzo dobry,2026-07-06 21:00:00,2026-07-06 21:20:24,0,Bardzo dobry,2026-07-06 21:00:00,True,OZON
70,2026-07-06 21:20:24,0,Bardzo dobry,2026-07-06 21:00:00,2026-07-06 21:20:24,,,,2026-07-06 21:20:24,0,Bardzo dobry,2026-07-06 21:00:00,2026-07-06 21:20:24,0,Bardzo dobry,2026-07-06 21:00:00,2026-07-06 21:20:24,0,Bardzo dobry,2026-07-06 21:00:00,2026-07-06 21:20:24,0,Bardzo dobry,2026-07-06 21:00:00,True,OZON
74,2026-07-06 21:20:24,0,Bardzo dobry,2026-07-06 21:00:00,2026-07-06 21:20:24,0,Bardzo dobry,2026-07-06 21:00:00,2026-07-06 21:20:24,0,Bardzo dobry,2026-07-06 21:00:00,2026-07-06 21:20:24,,,,2026-07-06 21:20:24,,,,2026-07-06 21:20:24,0,Bardzo dobry,2026-07-06 21:00:00,True,OZON
109,2026-07-06 21:20:24,0,Bardzo dobry,2026-07-06 21:00:00,2026-07-06 21:20:24,0,Bardzo dobry,2026-07-06 21:00:00,2026-07-06 21:20:24,0,Bardzo dobry,2026-07-06 21:00:00,2026-07-06 21:20:24,0,Bardzo dobry,2026-07-06 21:00:00,2026-07-06 21:20:24,0,Bardzo dobry,2026-07-06 21:00:00,2026-07-06 21:20:24,0,Bardzo dobry,2026-07-06 21:00:00,True,OZON
114,2026-07-06 21:20:24,0,Bardzo dobry,2026-07-06 21:00:00,,,,,2026-07-06 21:20:24,0,Bardzo dobry,2026-07-06 21:00:00,,,,,,,,,2026-07-06 21:20:24,0,Bardzo dobry,2026-07-06 21:00:00,True,OZON
117,2026-07-06 21:20:24,0,Bardzo dobry,2026-07-06 21:00:00,2026-07-06 21:20:24,0,Bardzo dobry,2026-07-06 21:00:00,2026-07-06 21:20:24,0,Bardzo dobry,2026-07-06 21:00:00,2026-07-06 21:20:24,0,Bardzo dobry,2026-07-06 21:00:00,2026-07-06 21:20:24,0,Bardzo dobry,2026-07-06 21:00:00,2026-07-06 21:20:24,0,Bardzo dobry,2026-07-06 21:00:00,True,OZON
129,2026-07-06 21:20:24,0,Bardzo dobry,2026-07-06 21:00:00,2026-07-06 21:20:24,,,,2026-07-06 21:20:24,0,Bardzo dobry,2026-07-06 21:00:00,2026-07-06 21:20:24,,,,2026-07-06 21:20:24,0,Bardzo dobry,2026-07-06 20:00:00,,,,,True,OZON
142,2026-07-06 21:35:50,-1,Brak indeksu,2026-07-06 21:00:00,2026-07-06 21:35:50,,,,2026-07-06 21:35:50,0,Bardzo dobry,2026-07-06 21:00:00,2026-07-06 21:35:50,0,Bardzo dobry,2026-07-06 21:00:00,,,,,,,,,False,OZON
143,2026-07-06 21:35:50,-1,Brak indeksu,2026-07-06 21:00:00,2026-07-06 21:35:50,,,,2026-07-06 21:35:50,,,,2026-07-06 21:35:50,0,Bardzo dobry,2026-07-06 21:00:00,,,,,,,,,False,OZON
145,2026-07-06 21:35:50,-1,Brak indeksu,2026-07-06 21:00:00,2026-07-06 21:35:50,,,,2026-07-06 21:35:50,,,,2026-07-06 21:35:50,0,Bardzo dobry,2026-07-06 21:00:00,,,,,,,,,False,OZON
11,2026-07-07 05:20:33,0,Bardzo dobry,2026-07-07 04:00:00,2026-07-07 05:20:33,,,,2026-07-07 05:20:33,0,Bardzo dobry,2026-07-07 05:00:00,2026-07-07 05:20:33,0,Bardzo dobry,2026-07-07 04:00:00,,,,,2026-07-07 05:20:33,0,Bardzo dobry,2026-07-07 05:00:00,True,OZON
16,2026-07-07 05:20:33,0,Bardzo dobry,2026-07-07 04:00:00,2026-07-07 05:20:33,,,,2026-07-07 05:20:33,,,,2026-07-07 05:20:33,0,Bardzo dobry,2026-07-07 04:00:00,,,,,,,,,True,OZON
38,2026-07-07 05:20:33,0,Bardzo dobry,2026-07-07 05:00:00,2026-07-07 05:20:33,,,,2026-07-07 05:20:33,0,Bardzo dobry,2026-07-07 05:00:00,2026-07-07 05:20:33,0,Bardzo dobry,2026-07-07 05:00:00,2026-07-07 05:20:33,0,Bardzo dobry,2026-07-07 05:00:00,2026-07-07 05:20:33,0,Bardzo dobry,2026-07-07 05:00:00,True,OZON
52,2026-07-07 05:20:33,0,Bardzo dobry,2026-07-07 05:00:00,2026-07-07 05:20:33,0,Bardzo dobry,2026-07-07 05:00:00,2026-07-07 05:20:33,0,Bardzo dobry,2026-07-07 05:00:00,2026-07-07 05:20:33,0,Bardzo dobry,2026-07-07 05:00:00,2026-07-07 05:20:33,0,Bardzo dobry,2026-07-07 05:00:00,2026-07-07 05:20:33,0,Bardzo dobry,2026-07-07 05:00:00,True,OZON
70,2026-07-07 05:20:33,0,Bardzo dobry,2026-07-07 05:00:00,2026-07-07 05:20:33,,,,2026-07-07 05:20:33,0,Bardzo dobry,2026-07-07 05:00:00,2026-07-07 05:20:33,0,Bardzo dobry,2026-07-07 05:00:00,2026-07-07 05:20:33,0,Bardzo dobry,2026-07-07 05:00:00,2026-07-07 05:20:33,0,Bardzo dobry,2026-07-07 05:00:00,True,OZON
74,2026-07-07 05:20:33,0,Bardzo dobry,2026-07-07 05:00:00,2026-07-07 05:20:33,0,Bardzo dobry,2026-07-07 05:00:00,2026-07-07 05:20:33,0,Bardzo dobry,2026-07-07 05:00:00,2026-07-07 05:20:33,,,,2026-07-07 05:20:33,,,,2026-07-07 05:20:33,0,Bardzo dobry,2026-07-07 05:00:00,True,OZON
109,2026-07-07 05:20:33,0,Bardzo dobry,2026-07-07 05:00:00,2026-07-07 05:20:33,0,Bardzo dobry,2026-07-07 05:00:00,2026-07-07 05:20:33,0,Bardzo dobry,2026-07-07 05:00:00,2026-07-07 05:20:33,0,Bardzo dobry,2026-07-07 05:00:00,2026-07-07 05:20:33,0,Bardzo dobry,2026-07-07 05:00:00,2026-07-07 05:20:33,0,Bardzo dobry,2026-07-07 05:00:00,True,OZON
114,2026-07-07 05:20:33,0,Bardzo dobry,2026-07-07 05:00:00,,,,,2026-07-07 05:20:33,0,Bardzo dobry,2026-07-07 05:00:00,,,,,,,,,2026-07-07 05:20:33,0,Bardzo dobry,2026-07-07 05:00:00,True,OZON
117,2026-07-07 05:20:33,0,Bardzo dobry,2026-07-07 05:00:00,2026-07-07 05:20:33,0,Bardzo dobry,2026-07-07 05:00:00,2026-07-07 05:20:33,0,Bardzo dobry,2026-07-07 05:00:00,2026-07-07 05:20:33,0,Bardzo dobry,2026-07-07 05:00:00,2026-07-07 05:20:33,0,Bardzo dobry,2026-07-07 05:00:00,2026-07-07 05:20:33,0,Bardzo dobry,2026-07-07 05:00:00,True,OZON
129,2026-07-07 05:20:33,0,Bardzo dobry,2026-07-07 05:00:00,2026-07-07 05:20:33,,,,2026-07-07 05:20:33,0,Bardzo dobry,2026-07-07 05:00:00,2026-07-07 05:20:33,,,,2026-07-07 05:20:33,0,Bardzo dobry,2026-07-07 04:00:00,,,,,True,OZON
142,2026-07-07 05:15:37,0,Bardzo dobry,2026-07-07 05:00:00,2026-07-07 05:15:37,,,,2026-07-07 05:15:37,0,Bardzo dobry,2026-07-07 05:00:00,2026-07-07 05:15:37,0,Bardzo dobry,2026-07-07 05:00:00,,,,,,,,,True,OZON
143,2026-07-07 05:15:37,0,Bardzo dobry,2026-07-07 05:00:00,2026-07-07 05:15:37,,,,2026-07-07 05:15:37,,,,2026-07-07 05:15:37,0,Bardzo dobry,2026-07-07 05:00:00,,,,,,,,,True,OZON
145,2026-07-07 05:15:37,0,Bardzo dobry,2026-07-07 05:00:00,2026-07-07 05:15:37,,,,2026-07-07 05:15:37,,,,2026-07-07 05:15:37,0,Bardzo dobry,2026-07-07 05:00:00,,,,,,,,,True,OZON
11,2026-07-07 13:20:25,1,Dobry,2026-07-07 11:00:00,2026-07-07 13:20:25,,,,2026-07-07 13:20:25,0,Bardzo dobry,2026-07-07 11:00:00,2026-07-07 13:20:25,,,,,,,,2026-07-07 13:20:25,1,Dobry,2026-07-07 11:00:00,True,OZON
16,2026-07-07 13:20:25,-1,Brak indeksu,2026-07-07 12:00:00,2026-07-07 13:20:25,,,,2026-07-07 13:20:25,,,,2026-07-07 13:20:25,0,Bardzo dobry,2026-07-07 12:00:00,,,,,,,,,False,OZON
38,2026-07-07 13:20:25,1,Dobry,2026-07-07 13:00:00,2026-07-07 13:20:25,,,,2026-07-07 13:20:25,0,Bardzo dobry,2026-07-07 13:00:00,2026-07-07 13:20:25,0,Bardzo dobry,2026-07-07 13:00:00,2026-07-07 13:20:25,0,Bardzo dobry,2026-07-07 13:00:00,2026-07-07 13:20:25,1,Dobry,2026-07-07 13:00:00,True,OZON
52,2026-07-07 13:20:25,1,Dobry,2026-07-07 13:00:00,2026-07-07 13:20:25,0,Bardzo dobry,2026-07-07 13:00:00,2026-07-07 13:20:25,0,Bardzo dobry,2026-07-07 13:00:00,2026-07-07 13:20:25,0,Bardzo dobry,2026-07-07 13:00:00,2026-07-07 13:20:25,0,Bardzo dobry,2026-07-07 13:00:00,2026-07-07 13:20:25,1,Dobry,2026-07-07 13:00:00,True,OZON
70,2026-07-07 13:20:25,1,Dobry,2026-07-07 13:00:00,2026-07-07 13:20:25,,,,2026-07-07 13:20:25,0,Bardzo dobry,2026-07-07 13:00:00,2026-07-07 13:20:25,0,Bardzo dobry,2026-07-07 13:00:00,2026-07-07 13:20:25,0,Bardzo dobry,2026-07-07 13:00:00,2026-07-07 13:20:25,1,Dobry,2026-07-07 13:00:00,True,OZON
74,2026-07-07 13:20:25,1,Dobry,2026-07-07 13:00:00,2026-07-07 13:20:25,0,Bardzo dobry,2026-07-07 13:00:00,2026-07-07 13:20:25,0,Bardzo dobry,2026-07-07 13:00:00,2026-07-07 13:20:25,,,,2026-07-07 13:20:25,,,,2026-07-07 13:20:25,1,Dobry,2026-07-07 13:00:00,True,OZON
109,2026-07-07 13:20:25,0,Bardzo dobry,2026-07-07 13:00:00,2026-07-07 13:20:25,0,Bardzo dobry,2026-07-07 13:00:00,2026-07-07 13:20:25,0,Bardzo dobry,2026-07-07 13:00:00,2026-07-07 13:20:25,0,Bardzo dobry,2026-07-07 13:00:00,2026-07-07 13:20:25,0,Bardzo dobry,2026-07-07 13:00:00,2026-07-07 13:20:25,0,Bardzo dobry,2026-07-07 13:00:00,True,OZON
114,2026-07-07 13:20:25,1,Dobry,2026-07-07 13:00:00,,,,,2026-07-07 13:20:25,0,Bardzo dobry,2026-07-07 13:00:00,,,,,,,,,2026-07-07 13:20:25,1,Dobry,2026-07-07 13:00:00,True,OZON
117,2026-07-07 13:20:25,2,Umiarkowany,2026-07-07 13:00:00,2026-07-07 13:20:25,0,Bardzo dobry,2026-07-07 13:00:00,2026-07-07 13:20:25,0,Bardzo dobry,2026-07-07 13:00:00,2026-07-07 13:20:25,2,Umiarkowany,2026-07-07 13:00:00,2026-07-07 13:20:25,0,Bardzo dobry,2026-07-07 13:00:00,2026-07-07 13:20:25,1,Dobry,2026-07-07 13:00:00,True,OZON
129,2026-07-07 13:20:25,-1,Brak indeksu,2026-07-07 13:00:00,2026-07-07 13:20:25,,,,2026-07-07 13:20:25,0,Bardzo dobry,2026-07-07 13:00:00,2026-07-07 13:20:25,,,,2026-07-07 13:20:25,0,Bardzo dobry,2026-07-07 12:00:00,,,,,False,OZON
142,2026-07-07 13:36:06,0,Bardzo dobry,2026-07-07 13:00:00,2026-07-07 13:36:06,,,,2026-07-07 13:36:06,0,Bardzo dobry,2026-07-07 13:00:00,2026-07-07 13:36:06,0,Bardzo dobry,2026-07-07 13:00:00,,,,,,,,,True,PYL
143,2026-07-07 13:36:06,0,Bardzo dobry,2026-07-07 13:00:00,2026-07-07 13:36:06,,,,2026-07-07 13:36:06,,,,2026-07-07 13:36:06,0,Bardzo dobry,2026-07-07 13:00:00,,,,,,,,,True,PYL
145,2026-07-07 13:36:06,0,Bardzo dobry,2026-07-07 13:00:00,2026-07-07 13:36:06,,,,2026-07-07 13:36:06,,,,2026-07-07 13:36:06,0,Bardzo dobry,2026-07-07 13:00:00,,,,,,,,,True,PYL
11,2026-07-07 21:20:31,1,Dobry,2026-07-07 21:00:00,2026-07-07 21:20:31,,,,2026-07-07 21:20:31,0,Bardzo dobry,2026-07-07 21:00:00,2026-07-07 21:20:31,0,Bardzo dobry,2026-07-07 20:00:00,,,,,2026-07-07 21:20:31,1,Dobry,2026-07-07 21:00:00,True,OZON
16,2026-07-07 21:20:31,-1,Brak indeksu,2026-07-07 20:00:00,2026-07-07 21:20:31,,,,2026-07-07 21:20:31,,,,2026-07-07 21:20:31,0,Bardzo dobry,2026-07-07 20:00:00,,,,,,,,,False,OZON
38,2026-07-07 21:20:31,1,Dobry,2026-07-07 21:00:00,2026-07-07 21:20:31,,,,2026-07-07 21:20:31,0,Bardzo dobry,2026-07-07 21:00:00,2026-07-07 21:20:31,0,Bardzo dobry,2026-07-07 21:00:00,2026-07-07 21:20:31,0,Bardzo dobry,2026-07-07 21:00:00,2026-07-07 21:20:31,1,Dobry,2026-07-07 21:00:00,True,OZON
52,2026-07-07 21:20:31,1,Dobry,2026-07-07 21:00:00,2026-07-07 21:20:31,0,Bardzo dobry,2026-07-07 21:00:00,2026-07-07 21:20:31,0,Bardzo dobry,2026-07-07 21:00:00,2026-07-07 21:20:31,0,Bardzo dobry,2026-07-07 21:00:00,2026-07-07 21:20:31,0,Bardzo dobry,2026-07-07 21:00:00,2026-07-07 21:20:31,1,Dobry,2026-07-07 21:00:00,True,OZON
70,2026-07-07 21:20:31,1,Dobry,2026-07-07 21:00:00,2026-07-07 21:20:31,,,,2026-07-07 21:20:31,0,Bardzo dobry,2026-07-07 21:00:00,2026-07-07 21:20:31,0,Bardzo dobry,2026-07-07 21:00:00,2026-07-07 21:20:31,0,Bardzo dobry,2026-07-07 21:00:00,2026-07-07 21:20:31,1,Dobry,2026-07-07 21:00:00,True,OZON
74,2026-07-07 21:20:31,1,Dobry,2026-07-07 21:00:00,2026-07-07 21:20:31,0,Bardzo dobry,2026-07-07 21:00:00,2026-07-07 21:20:31,0,Bardzo dobry,2026-07-07 21:00:00,2026-07-07 21:20:31,,,,2026-07-07 21:20:31,,,,2026-07-07 21:20:31,1,Dobry,2026-07-07 21:00:00,True,OZON
109,2026-07-07 21:20:31,1,Dobry,2026-07-07 21:00:00,2026-07-07 21:20:31,0,Bardzo dobry,2026-07-07 21:00:00,2026-07-07 21:20:31,0,Bardzo dobry,2026-07-07 21:00:00,2026-07-07 21:20:31,0,Bardzo dobry,2026-07-07 21:00:00,2026-07-07 21:20:31,0,Bardzo dobry,2026-07-07 21:00:00,2026-07-07 21:20:31,1,Dobry,2026-07-07 21:00:00,True,OZON
114,2026-07-07 21:20:31,1,Dobry,2026-07-07 21:00:00,,,,,2026-07-07 21:20:31,0,Bardzo dobry,2026-07-07 21:00:00,,,,,,,,,2026-07-07 21:20:31,1,Dobry,2026-07-07 21:00:00,True,OZON
117,2026-07-07 21:20:31,1,Dobry,2026-07-07 21:00:00,2026-07-07 21:20:31,0,Bardzo dobry,2026-07-07 21:00:00,2026-07-07 21:20:31,0,Bardzo dobry,2026-07-07 21:00:00,2026-07-07 21:20:31,0,Bardzo dobry,2026-07-07 21:00:00,2026-07-07 21:20:31,0,Bardzo dobry,2026-07-07 21:00:00,2026-07-07 21:20:31,1,Dobry,2026-07-07 21:00:00,True,OZON
129,2026-07-07 21:20:31,1,Dobry,2026-07-07 21:00:00,2026-07-07 21:20:31,,,,2026-07-07 21:20:31,1,Dobry,2026-07-07 21:00:00,2026-07-07 21:20:31,,,,2026-07-07 21:20:31,0,Bardzo dobry,2026-07-07 20:00:00,,,,,True,OZON
142,2026-07-07 21:35:26,-1,Brak indeksu,2026-07-07 21:00:00,2026-07-07 21:35:26,,,,2026-07-07 21:35:26,0,Bardzo dobry,2026-07-07 21:00:00,2026-07-07 21:35:26,0,Bardzo dobry,2026-07-07 21:00:00,,,,,,,,,False,OZON
143,2026-07-07 21:35:26,-1,Brak indeksu,2026-07-07 19:00:00,2026-07-07 21:35:26,,,,2026-07-07 21:35:26,,,,2026-07-07 21:35:26,0,Bardzo dobry,2026-07-07 19:00:00,,,,,,,,,False,OZON
145,2026-07-07 21:35:26,-1,Brak indeksu,2026-07-07 21:00:00,2026-07-07 21:35:26,,,,2026-07-07 21:35:26,,,,2026-07-07 21:35:26,0,Bardzo dobry,2026-07-07 21:00:00,,,,,,,,,False,OZON
11,2026-07-08 04:20:16,0,Bardzo dobry,2026-07-08 03:00:00,2026-07-08 04:20:16,,,,2026-07-08 04:20:16,0,Bardzo dobry,2026-07-08 04:00:00,2026-07-08 04:20:16,0,Bardzo dobry,2026-07-08 03:00:00,,,,,2026-07-08 04:20:16,0,Bardzo dobry,2026-07-08 04:00:00,True,OZON
16,2026-07-08 04:20:16,0,Bardzo dobry,2026-07-08 03:00:00,2026-07-08 04:20:16,,,,2026-07-08 04:20:16,,,,2026-07-08 04:20:16,0,Bardzo dobry,2026-07-08 03:00:00,,,,,,,,,True,OZON
38,2026-07-08 04:20:16,0,Bardzo dobry,2026-07-08 04:00:00,2026-07-08 04:20:16,,,,2026-07-08 04:20:16,0,Bardzo dobry,2026-07-08 04:00:00,2026-07-08 04:20:16,0,Bardzo dobry,2026-07-08 04:00:00,2026-07-08 04:20:16,0,Bardzo dobry,2026-07-08 04:00:00,2026-07-08 04:20:16,0,Bardzo dobry,2026-07-08 04:00:00,True,OZON
52,2026-07-08 04:20:16,0,Bardzo dobry,2026-07-08 04:00:00,2026-07-08 04:20:16,0,Bardzo dobry,2026-07-08 04:00:00,2026-07-08 04:20:16,0,Bardzo dobry,2026-07-08 04:00:00,2026-07-08 04:20:16,0,Bardzo dobry,2026-07-08 04:00:00,2026-07-08 04:20:16,0,Bardzo dobry,2026-07-08 04:00:00,2026-07-08 04:20:16,0,Bardzo dobry,2026-07-08 04:00:00,True,OZON
70,2026-07-08 04:20:16,0,Bardzo dobry,2026-07-08 04:00:00,2026-07-08 04:20:16,,,,2026-07-08 04:20:16,0,Bardzo dobry,2026-07-08 04:00:00,2026-07-08 04:20:16,0,Bardzo dobry,2026-07-08 04:00:00,2026-07-08 04:20:16,0,Bardzo dobry,2026-07-08 04:00:00,2026-07-08 04:20:16,0,Bardzo dobry,2026-07-08 04:00:00,True,OZON
74,2026-07-08 04:20:16,0,Bardzo dobry,2026-07-08 04:00:00,2026-07-08 04:20:16,0,Bardzo dobry,2026-07-08 04:00:00,2026-07-08 04:20:16,0,Bardzo dobry,2026-07-08 04:00:00,2026-07-08 04:20:16,,,,2026-07-08 04:20:16,,,,2026-07-08 04:20:16,0,Bardzo dobry,2026-07-08 04:00:00,True,OZON
109,2026-07-08 04:20:16,0,Bardzo dobry,2026-07-08 03:00:00,2026-07-08 04:20:16,0,Bardzo dobry,2026-07-08 03:00:00,2026-07-08 04:20:16,0,Bardzo dobry,2026-07-08 03:00:00,2026-07-08 04:20:16,0,Bardzo dobry,2026-07-08 03:00:00,2026-07-08 04:20:16,0,Bardzo dobry,2026-07-08 03:00:00,2026-07-08 04:20:16,0,Bardzo dobry,2026-07-08 03:00:00,True,OZON
114,2026-07-08 04:20:16,0,Bardzo dobry,2026-07-08 04:00:00,,,,,2026-07-08 04:20:16,0,Bardzo dobry,2026-07-08 04:00:00,,,,,,,,,2026-07-08 04:20:16,0,Bardzo dobry,2026-07-08 04:00:00,True,OZON
117,2026-07-08 04:20:16,0,Bardzo dobry,2026-07-08 04:00:00,2026-07-08 04:20:16,0,Bardzo dobry,2026-07-08 04:00:00,2026-07-08 04:20:16,0,Bardzo dobry,2026-07-08 04:00:00,2026-07-08 04:20:16,0,Bardzo dobry,2026-07-08 04:00:00,2026-07-08 04:20:16,0,Bardzo dobry,2026-07-08 04:00:00,2026-07-08 04:20:16,0,Bardzo dobry,2026-07-08 04:00:00,True,OZON
129,2026-07-08 04:20:16,0,Bardzo dobry,2026-07-08 04:00:00,2026-07-08 04:20:16,,,,2026-07-08 04:20:16,0,Bardzo dobry,2026-07-08 04:00:00,2026-07-08 04:20:16,,,,2026-07-08 04:20:16,0,Bardzo dobry,2026-07-08 03:00:00,,,,,True,OZON
142,2026-07-08 04:35:21,0,Bardzo dobry,2026-07-08 04:00:00,2026-07-08 04:35:21,,,,2026-07-08 04:35:21,0,Bardzo dobry,2026-07-08 04:00:00,2026-07-08 04:35:21,0,Bardzo dobry,2026-07-08 04:00:00,,,,,,,,,True,OZON
145,2026-07-08 04:35:21,0,Bardzo dobry,2026-07-08 04:00:00,2026-07-08 04:35:21,,,,2026-07-08 04:35:21,,,,2026-07-08 04:35:21,0,Bardzo dobry,2026-07-08 04:00:00,,,,,,,,,True,OZON
11,2026-07-08 12:20:34,0,Bardzo dobry,2026-07-08 11:00:00,2026-07-08 12:20:34,,,,2026-07-08 12:20:34,0,Bardzo dobry,2026-07-08 12:00:00,2026-07-08 12:20:34,0,Bardzo dobry,2026-07-08 11:00:00,,,,,2026-07-08 12:20:34,0,Bardzo dobry,2026-07-08 12:00:00,True,OZON
16,2026-07-08 12:20:34,0,Bardzo dobry,2026-07-08 11:00:00,2026-07-08 12:20:34,,,,2026-07-08 12:20:34,,,,2026-07-08 12:20:34,0,Bardzo dobry,2026-07-08 11:00:00,,,,,,,,,True,OZON
38,2026-07-08 12:20:34,1,Dobry,2026-07-08 12:00:00,2026-07-08 12:20:34,,,,2026-07-08 12:20:34,0,Bardzo dobry,2026-07-08 12:00:00,2026-07-08 12:20:34,0,Bardzo dobry,2026-07-08 12:00:00,2026-07-08 12:20:34,0,Bardzo dobry,2026-07-08 12:00:00,2026-07-08 12:20:34,1,Dobry,2026-07-08 12:00:00,True,OZON
52,2026-07-08 12:20:34,0,Bardzo dobry,2026-07-08 12:00:00,2026-07-08 12:20:34,0,Bardzo dobry,2026-07-08 12:00:00,2026-07-08 12:20:34,0,Bardzo dobry,2026-07-08 12:00:00,2026-07-08 12:20:34,0,Bardzo dobry,2026-07-08 12:00:00,2026-07-08 12:20:34,0,Bardzo dobry,2026-07-08 12:00:00,2026-07-08 12:20:34,0,Bardzo dobry,2026-07-08 12:00:00,True,OZON
70,2026-07-08 12:20:34,1,Dobry,2026-07-08 12:00:00,2026-07-08 12:20:34,,,,2026-07-08 12:20:34,0,Bardzo dobry,2026-07-08 12:00:00,2026-07-08 12:20:34,0,Bardzo dobry,2026-07-08 12:00:00,2026-07-08 12:20:34,0,Bardzo dobry,2026-07-08 12:00:00,2026-07-08 12:20:34,1,Dobry,2026-07-08 12:00:00,True,OZON
74,2026-07-08 12:20:34,1,Dobry,2026-07-08 12:00:00,2026-07-08 12:20:34,0,Bardzo dobry,2026-07-08 12:00:00,2026-07-08 12:20:34,0,Bardzo dobry,2026-07-08 12:00:00,2026-07-08 12:20:34,,,,2026-07-08 12:20:34,,,,2026-07-08 12:20:34,1,Dobry,2026-07-08 12:00:00,True,OZON
109,2026-07-08 12:20:34,0,Bardzo dobry,2026-07-08 12:00:00,2026-07-08 12:20:34,0,Bardzo dobry,2026-07-08 12:00:00,2026-07-08 12:20:34,0,Bardzo dobry,2026-07-08 12:00:00,2026-07-08 12:20:34,0,Bardzo dobry,2026-07-08 12:00:00,2026-07-08 12:20:34,0,Bardzo dobry,2026-07-08 12:00:00,2026-07-08 12:20:34,0,Bardzo dobry,2026-07-08 12:00:00,True,OZON
114,2026-07-08 12:20:34,0,Bardzo dobry,2026-07-08 12:00:00,,,,,2026-07-08 12:20:34,0,Bardzo dobry,2026-07-08 12:00:00,,,,,,,,,2026-07-08 12:20:34,0,Bardzo dobry,2026-07-08 12:00:00,True,OZON
117,2026-07-08 12:20:34,1,Dobry,2026-07-08 12:00:00,2026-07-08 12:20:34,0,Bardzo dobry,2026-07-08 12:00:00,2026-07-08 12:20:34,0,Bardzo dobry,2026-07-08 12:00:00,2026-07-08 12:20:34,1,Dobry,2026-07-08 12:00:00,2026-07-08 12:20:34,0,Bardzo dobry,2026-07-08 12:00:00,2026-07-08 12:20:34,0,Bardzo dobry,2026-07-08 12:00:00,True,OZON
129,2026-07-08 12:20:34,0,Bardzo dobry,2026-07-08 12:00:00,2026-07-08 12:20:34,,,,2026-07-08 12:20:34,0,Bardzo dobry,2026-07-08 12:00:00,2026-07-08 12:20:34,,,,2026-07-08 12:20:34,0,Bardzo dobry,2026-07-08 11:00:00,,,,,True,OZON
142,2026-07-08 12:35:36,0,Bardzo dobry,2026-07-08 12:00:00,2026-07-08 12:35:36,,,,2026-07-08 12:35:36,0,Bardzo dobry,2026-07-08 12:00:00,2026-07-08 12:35:36,0,Bardzo dobry,2026-07-08 12:00:00,,,,,,,,,True,PYL
145,2026-07-08 12:35:36,0,Bardzo dobry,2026-07-08 12:00:00,2026-07-08 12:35:36,,,,2026-07-08 12:35:36,,,,2026-07-08 12:35:36,0,Bardzo dobry,2026-07-08 12:00:00,,,,,,,,,True,PYL
11,2026-07-08 21:20:21,1,Dobry,2026-07-08 21:00:00,2026-07-08 21:20:21,,,,2026-07-08 21:20:21,0,Bardzo dobry,2026-07-08 21:00:00,2026-07-08 21:20:21,0,Bardzo dobry,2026-07-08 20:00:00,,,,,2026-07-08 21:20:21,1,Dobry,2026-07-08 21:00:00,True,OZON
16,2026-07-08 21:20:21,-1,Brak indeksu,2026-07-08 20:00:00,2026-07-08 21:20:21,,,,2026-07-08 21:20:21,,,,2026-07-08 21:20:21,0,Bardzo dobry,2026-07-08 20:00:00,,,,,,,,,False,OZON
38,2026-07-08 21:20:21,1,Dobry,2026-07-08 21:00:00,2026-07-08 21:20:21,,,,2026-07-08 21:20:21,0,Bardzo dobry,2026-07-08 21:00:00,2026-07-08 21:20:21,0,Bardzo dobry,2026-07-08 21:00:00,2026-07-08 21:20:21,0,Bardzo dobry,2026-07-08 21:00:00,2026-07-08 21:20:21,1,Dobry,2026-07-08 21:00:00,True,OZON
52,2026-07-08 21:20:21,1,Dobry,2026-07-08 21:00:00,2026-07-08 21:20:21,0,Bardzo dobry,2026-07-08 21:00:00,2026-07-08 21:20:21,0,Bardzo dobry,2026-07-08 21:00:00,2026-07-08 21:20:21,0,Bardzo dobry,2026-07-08 21:00:00,2026-07-08 21:20:21,0,Bardzo dobry,2026-07-08 21:00:00,2026-07-08 21:20:21,1,Dobry,2026-07-08 21:00:00,True,OZON
70,2026-07-08 21:20:21,1,Dobry,2026-07-08 21:00:00,2026-07-08 21:20:21,,,,2026-07-08 21:20:21,0,Bardzo dobry,2026-07-08 21:00:00,2026-07-08 21:20:21,0,Bardzo dobry,2026-07-08 21:00:00,2026-07-08 21:20:21,0,Bardzo dobry,2026-07-08 21:00:00,2026-07-08 21:20:21,1,Dobry,2026-07-08 21:00:00,True,OZON
74,2026-07-08 21:20:21,0,Bardzo dobry,2026-07-08 21:00:00,2026-07-08 21:20:21,0,Bardzo dobry,2026-07-08 21:00:00,2026-07-08 21:20:21,0,Bardzo dobry,2026-07-08 21:00:00,2026-07-08 21:20:21,,,,2026-07-08 21:20:21,,,,2026-07-08 21:20:21,0,Bardzo dobry,2026-07-08 21:00:00,True,OZON
109,2026-07-08 21:20:21,1,Dobry,2026-07-08 21:00:00,2026-07-08 21:20:21,0,Bardzo dobry,2026-07-08 21:00:00,2026-07-08 21:20:21,0,Bardzo dobry,2026-07-08 21:00:00,2026-07-08 21:20:21,0,Bardzo dobry,2026-07-08 21:00:00,2026-07-08 21:20:21,0,Bardzo dobry,2026-07-08 21:00:00,2026-07-08 21:20:21,1,Dobry,2026-07-08 21:00:00,True,OZON
114,2026-07-08 21:20:21,1,Dobry,2026-07-08 21:00:00,,,,,2026-07-08 21:20:21,0,Bardzo dobry,2026-07-08 21:00:00,,,,,,,,,2026-07-08 21:20:21,1,Dobry,2026-07-08 21:00:00,True,OZON
117,2026-07-08 21:20:21,1,Dobry,2026-07-08 21:00:00,2026-07-08 21:20:21,0,Bardzo dobry,2026-07-08 21:00:00,2026-07-08 21:20:21,0,Bardzo dobry,2026-07-08 21:00:00,2026-07-08 21:20:21,0,Bardzo dobry,2026-07-08 21:00:00,2026-07-08 21:20:21,0,Bardzo dobry,2026-07-08 21:00:00,2026-07-08 21:20:21,1,Dobry,2026-07-08 21:00:00,True,OZON
129,2026-07-08 21:20:21,-1,Brak indeksu,2026-07-08 21:00:00,2026-07-08 21:20:21,,,,2026-07-08 21:20:21,0,Bardzo dobry,2026-07-08 21:00:00,2026-07-08 21:20:21,,,,2026-07-08 21:20:21,0,Bardzo dobry,2026-07-08 20:00:00,,,,,False,OZON
142,2026-07-08 21:15:39,0,Bardzo dobry,2026-07-08 21:00:00,2026-07-08 21:15:39,,,,2026-07-08 21:15:39,0,Bardzo dobry,2026-07-08 21:00:00,2026-07-08 21:15:39,0,Bardzo dobry,2026-07-08 21:00:00,,,,,,,,,True,OZON
143,2026-07-08 21:15:39,0,Bardzo dobry,2026-07-08 21:00:00,2026-07-08 21:15:39,,,,2026-07-08 21:15:39,,,,2026-07-08 21:15:39,0,Bardzo dobry,2026-07-08 21:00:00,,,,,,,,,True,OZON
145,2026-07-08 21:15:39,0,Bardzo dobry,2026-07-08 21:00:00,2026-07-08 21:15:39,,,,2026-07-08 21:15:39,,,,2026-07-08 21:15:39,0,Bardzo dobry,2026-07-08 21:00:00,,,,,,,,,True,OZON
